fact_id,record_date,entity_id,entity_name,category,revenue,operational_cost,units_processed,duration_minutes,status,baseline_target
F-000001,2025-10-07,ENT-01,Zone North 89011,Logistics,527.61,123.36,62,286,Completed,120
F-000002,2025-10-07,ENT-02,Zone West Central,Express,367.53,96.4,43,241,Completed,95
F-000003,2025-10-07,ENT-03,Downtown Corridor,Fleet,585.99,169.91,56,277,Completed,140
F-000004,2025-10-07,ENT-04,Henderson South,Logistics,489.53,119.77,49,233,Completed,110
F-000005,2025-10-07,ENT-05,Summerlin,Express,592.31,120.06,58,306,Completed,125
F-000006,2025-10-07,ENT-06,Strip Core,Fleet,662.27,211.7,73,337,Completed,190
F-000007,2025-10-07,ENT-07,North Las Vegas,Logistics,421.67,108.97,43,205,Completed,105
F-000008,2025-10-07,ENT-08,Spring Valley,Express,395.18,87.76,41,222,Completed,90
F-000009,2025-10-07,ENT-09,Airport Corridor,Fleet,645.94,163.57,62,300,Completed,160
F-000010,2025-10-07,ENT-10,Boulder Highway,Logistics,344.68,124.75,40,177,Completed,100
F-000011,2025-10-08,ENT-01,Zone North 89011,Logistics,447.39,140.18,44,207,Delayed,120
F-000012,2025-10-08,ENT-02,Zone West Central,Express,373.51,100.44,42,205,Completed,95
F-000013,2025-10-08,ENT-03,Downtown Corridor,Fleet,595.11,193.43,64,320,Completed,140
F-000014,2025-10-08,ENT-04,Henderson South,Logistics,479.45,116.21,49,258,Completed,110
F-000015,2025-10-08,ENT-05,Summerlin,Express,536.1,122.5,51,280,Completed,125
F-000016,2025-10-08,ENT-06,Strip Core,Fleet,699.56,233.17,73,353,Completed,190
F-000017,2025-10-08,ENT-07,North Las Vegas,Logistics,409.79,103.66,44,243,Completed,105
F-000018,2025-10-08,ENT-08,Spring Valley,Express,363.4,85.76,35,169,Completed,90
F-000019,2025-10-08,ENT-09,Airport Corridor,Fleet,604.42,158.93,60,305,Completed,160
F-000020,2025-10-08,ENT-10,Boulder Highway,Logistics,325.27,124.28,31,164,Completed,100
F-000021,2025-10-09,ENT-01,Zone North 89011,Logistics,517.17,116.94,50,280,Completed,120
F-000022,2025-10-09,ENT-02,Zone West Central,Express,419.2,103.76,48,248,Completed,95
F-000023,2025-10-09,ENT-03,Downtown Corridor,Fleet,564.53,176.64,60,267,Completed,140
F-000024,2025-10-09,ENT-04,Henderson South,Logistics,0.0,40.68,0,30,Cancelled,110
F-000025,2025-10-09,ENT-05,Summerlin,Express,501.17,124.61,56,265,Completed,125
F-000026,2025-10-09,ENT-06,Strip Core,Fleet,698.51,213.76,78,420,Completed,190
F-000027,2025-10-09,ENT-07,North Las Vegas,Logistics,428.47,104.19,44,229,Completed,105
F-000028,2025-10-09,ENT-08,Spring Valley,Express,432.88,83.66,43,198,Completed,90
F-000029,2025-10-09,ENT-09,Airport Corridor,Fleet,695.75,175.82,74,368,Completed,160
F-000030,2025-10-09,ENT-10,Boulder Highway,Logistics,286.69,123.88,28,141,Completed,100
F-000031,2025-10-10,ENT-01,Zone North 89011,Logistics,516.52,129.9,57,285,Completed,120
F-000032,2025-10-10,ENT-02,Zone West Central,Express,384.32,99.67,37,183,Completed,95
F-000033,2025-10-10,ENT-03,Downtown Corridor,Fleet,708.27,174.5,80,402,Completed,140
F-000034,2025-10-10,ENT-04,Henderson South,Logistics,0.0,42.24,0,30,Cancelled,110
F-000035,2025-10-10,ENT-05,Summerlin,Express,560.85,113.45,54,273,Completed,125
F-000036,2025-10-10,ENT-06,Strip Core,Fleet,620.28,240.8,64,330,Delayed,190
F-000037,2025-10-10,ENT-07,North Las Vegas,Logistics,420.27,103.9,44,249,Completed,105
F-000038,2025-10-10,ENT-08,Spring Valley,Express,445.09,92.13,45,219,Completed,90
F-000039,2025-10-10,ENT-09,Airport Corridor,Fleet,730.47,184.29,75,368,Completed,160
F-000040,2025-10-10,ENT-10,Boulder Highway,Logistics,378.9,101.66,38,178,Completed,100
F-000041,2025-10-11,ENT-01,Zone North 89011,Logistics,498.57,129.13,55,298,Completed,120
F-000042,2025-10-11,ENT-02,Zone West Central,Express,520.18,114.03,58,279,Completed,95
F-000043,2025-10-11,ENT-03,Downtown Corridor,Fleet,587.64,170.24,64,312,Completed,140
F-000044,2025-10-11,ENT-04,Henderson South,Logistics,450.22,98.96,53,256,Completed,110
F-000045,2025-10-11,ENT-05,Summerlin,Express,573.35,144.68,65,317,Delayed,125
F-000046,2025-10-11,ENT-06,Strip Core,Fleet,1034.86,210.46,116,609,Completed,190
F-000047,2025-10-11,ENT-07,North Las Vegas,Logistics,417.14,113.44,41,183,Completed,105
F-000048,2025-10-11,ENT-08,Spring Valley,Express,450.59,98.32,50,260,Completed,90
F-000049,2025-10-11,ENT-09,Airport Corridor,Fleet,568.79,166.24,66,363,Completed,160
F-000050,2025-10-11,ENT-10,Boulder Highway,Logistics,339.91,122.8,39,175,Completed,100
F-000051,2025-10-12,ENT-01,Zone North 89011,Logistics,614.2,114.7,60,286,Completed,120
F-000052,2025-10-12,ENT-02,Zone West Central,Express,519.49,97.28,53,226,Completed,95
F-000053,2025-10-12,ENT-03,Downtown Corridor,Fleet,526.29,187.14,52,295,Delayed,140
F-000054,2025-10-12,ENT-04,Henderson South,Logistics,515.06,106.63,50,287,Completed,110
F-000055,2025-10-12,ENT-05,Summerlin,Express,651.28,134.05,64,342,Completed,125
F-000056,2025-10-12,ENT-06,Strip Core,Fleet,1114.91,202.35,124,575,Completed,190
F-000057,2025-10-12,ENT-07,North Las Vegas,Logistics,431.19,111.43,41,190,Completed,105
F-000058,2025-10-12,ENT-08,Spring Valley,Express,369.23,105.31,42,224,Delayed,90
F-000059,2025-10-12,ENT-09,Airport Corridor,Fleet,673.54,193.2,77,380,Completed,160
F-000060,2025-10-12,ENT-10,Boulder Highway,Logistics,335.79,111.41,35,159,Completed,100
F-000061,2025-10-13,ENT-01,Zone North 89011,Logistics,500.39,122.07,52,268,Completed,120
F-000062,2025-10-13,ENT-02,Zone West Central,Express,353.07,93.63,39,193,Completed,95
F-000063,2025-10-13,ENT-03,Downtown Corridor,Fleet,645.5,165.31,71,342,Completed,140
F-000064,2025-10-13,ENT-04,Henderson South,Logistics,449.54,131.42,46,254,Delayed,110
F-000065,2025-10-13,ENT-05,Summerlin,Express,523.18,117.24,62,285,Completed,125
F-000066,2025-10-13,ENT-06,Strip Core,Fleet,753.84,204.89,84,407,Completed,190
F-000067,2025-10-13,ENT-07,North Las Vegas,Logistics,469.66,99.51,54,263,Completed,105
F-000068,2025-10-13,ENT-08,Spring Valley,Express,360.34,92.88,40,172,Completed,90
F-000069,2025-10-13,ENT-09,Airport Corridor,Fleet,689.87,170.88,68,302,Completed,160
F-000070,2025-10-13,ENT-10,Boulder Highway,Logistics,381.54,121.82,42,233,Completed,100
F-000071,2025-10-14,ENT-01,Zone North 89011,Logistics,567.96,122.92,65,335,Completed,120
F-000072,2025-10-14,ENT-02,Zone West Central,Express,473.08,93.25,46,228,Completed,95
F-000073,2025-10-14,ENT-03,Downtown Corridor,Fleet,0.0,57.47,0,30,Cancelled,140
F-000074,2025-10-14,ENT-04,Henderson South,Logistics,456.06,106.17,45,214,Completed,110
F-000075,2025-10-14,ENT-05,Summerlin,Express,609.38,114.11,68,313,Completed,125
F-000076,2025-10-14,ENT-06,Strip Core,Fleet,646.79,195.19,75,360,Completed,190
F-000077,2025-10-14,ENT-07,North Las Vegas,Logistics,416.95,111.67,48,223,Completed,105
F-000078,2025-10-14,ENT-08,Spring Valley,Express,336.1,94.2,36,176,Completed,90
F-000079,2025-10-14,ENT-09,Airport Corridor,Fleet,552.39,180.35,56,297,Completed,160
F-000080,2025-10-14,ENT-10,Boulder Highway,Logistics,332.72,124.68,33,177,Completed,100
F-000081,2025-10-15,ENT-01,Zone North 89011,Logistics,443.21,128.45,46,222,Completed,120
F-000082,2025-10-15,ENT-02,Zone West Central,Express,434.75,100.16,47,224,Completed,95
F-000083,2025-10-15,ENT-03,Downtown Corridor,Fleet,576.96,180.5,67,327,Completed,140
F-000084,2025-10-15,ENT-04,Henderson South,Logistics,477.71,112.19,56,270,Completed,110
F-000085,2025-10-15,ENT-05,Summerlin,Express,560.81,127.65,61,322,Completed,125
F-000086,2025-10-15,ENT-06,Strip Core,Fleet,683.57,215.19,65,318,Completed,190
F-000087,2025-10-15,ENT-07,North Las Vegas,Logistics,386.63,97.15,39,210,Completed,105
F-000088,2025-10-15,ENT-08,Spring Valley,Express,386.88,90.78,40,196,Completed,90
F-000089,2025-10-15,ENT-09,Airport Corridor,Fleet,623.93,153.24,64,349,Completed,160
F-000090,2025-10-15,ENT-10,Boulder Highway,Logistics,396.16,121.41,43,220,Completed,100
F-000091,2025-10-16,ENT-01,Zone North 89011,Logistics,540.43,120.6,62,316,Completed,120
F-000092,2025-10-16,ENT-02,Zone West Central,Express,390.52,96.66,45,219,Completed,95
F-000093,2025-10-16,ENT-03,Downtown Corridor,Fleet,610.83,169.65,66,318,Completed,140
F-000094,2025-10-16,ENT-04,Henderson South,Logistics,489.97,127.53,50,258,Delayed,110
F-000095,2025-10-16,ENT-05,Summerlin,Express,539.12,113.86,52,256,Completed,125
F-000096,2025-10-16,ENT-06,Strip Core,Fleet,655.07,199.41,72,382,Completed,190
F-000097,2025-10-16,ENT-07,North Las Vegas,Logistics,428.22,103.78,48,230,Completed,105
F-000098,2025-10-16,ENT-08,Spring Valley,Express,362.11,99.46,41,219,Completed,90
F-000099,2025-10-16,ENT-09,Airport Corridor,Fleet,594.15,187.47,66,309,Completed,160
F-000100,2025-10-16,ENT-10,Boulder Highway,Logistics,357.15,116.58,36,171,Completed,100
F-000101,2025-10-17,ENT-01,Zone North 89011,Logistics,430.55,123.29,48,242,Completed,120
F-000102,2025-10-17,ENT-02,Zone West Central,Express,441.08,88.18,44,217,Completed,95
F-000103,2025-10-17,ENT-03,Downtown Corridor,Fleet,590.8,171.21,68,334,Completed,140
F-000104,2025-10-17,ENT-04,Henderson South,Logistics,514.16,114.86,54,272,Completed,110
F-000105,2025-10-17,ENT-05,Summerlin,Express,605.07,120.08,70,334,Completed,125
F-000106,2025-10-17,ENT-06,Strip Core,Fleet,758.36,228.77,73,369,Completed,190
F-000107,2025-10-17,ENT-07,North Las Vegas,Logistics,415.7,103.04,44,221,Completed,105
F-000108,2025-10-17,ENT-08,Spring Valley,Express,365.84,86.02,35,177,Completed,90
F-000109,2025-10-17,ENT-09,Airport Corridor,Fleet,675.25,160.52,69,329,Completed,160
F-000110,2025-10-17,ENT-10,Boulder Highway,Logistics,391.15,110.62,39,234,Completed,100
F-000111,2025-10-18,ENT-01,Zone North 89011,Logistics,559.99,117.46,60,321,Completed,120
F-000112,2025-10-18,ENT-02,Zone West Central,Express,407.99,92.4,41,235,Completed,95
F-000113,2025-10-18,ENT-03,Downtown Corridor,Fleet,519.24,186.57,59,280,Completed,140
F-000114,2025-10-18,ENT-04,Henderson South,Logistics,507.17,105.76,57,299,Completed,110
F-000115,2025-10-18,ENT-05,Summerlin,Express,645.42,113.73,62,312,Completed,125
F-000116,2025-10-18,ENT-06,Strip Core,Fleet,894.31,225.36,91,480,Completed,190
F-000117,2025-10-18,ENT-07,North Las Vegas,Logistics,427.53,104.0,47,235,Completed,105
F-000118,2025-10-18,ENT-08,Spring Valley,Express,426.39,95.01,41,218,Completed,90
F-000119,2025-10-18,ENT-09,Airport Corridor,Fleet,599.45,169.97,64,311,Completed,160
F-000120,2025-10-18,ENT-10,Boulder Highway,Logistics,373.96,131.24,36,189,Completed,100
F-000121,2025-10-19,ENT-01,Zone North 89011,Logistics,535.75,117.41,54,253,Completed,120
F-000122,2025-10-19,ENT-02,Zone West Central,Express,429.16,98.29,45,225,Completed,95
F-000123,2025-10-19,ENT-03,Downtown Corridor,Fleet,490.72,187.35,48,230,Completed,140
F-000124,2025-10-19,ENT-04,Henderson South,Logistics,474.68,126.41,50,235,Completed,110
F-000125,2025-10-19,ENT-05,Summerlin,Express,600.19,138.71,63,331,Completed,125
F-000126,2025-10-19,ENT-06,Strip Core,Fleet,894.18,206.03,89,458,Completed,190
F-000127,2025-10-19,ENT-07,North Las Vegas,Logistics,423.09,101.9,41,201,Completed,105
F-000128,2025-10-19,ENT-08,Spring Valley,Express,421.81,96.45,48,239,Completed,90
F-000129,2025-10-19,ENT-09,Airport Corridor,Fleet,0.0,58.93,0,30,Cancelled,160
F-000130,2025-10-19,ENT-10,Boulder Highway,Logistics,364.89,122.27,38,171,Completed,100
F-000131,2025-10-20,ENT-01,Zone North 89011,Logistics,559.26,104.82,58,297,Completed,120
F-000132,2025-10-20,ENT-02,Zone West Central,Express,383.66,103.41,38,171,Completed,95
F-000133,2025-10-20,ENT-03,Downtown Corridor,Fleet,655.14,174.31,72,311,Completed,140
F-000134,2025-10-20,ENT-04,Henderson South,Logistics,408.1,110.67,44,222,Completed,110
F-000135,2025-10-20,ENT-05,Summerlin,Express,505.45,119.26,57,286,Completed,125
F-000136,2025-10-20,ENT-06,Strip Core,Fleet,704.69,213.71,71,369,Completed,190
F-000137,2025-10-20,ENT-07,North Las Vegas,Logistics,384.21,112.37,37,199,Completed,105
F-000138,2025-10-20,ENT-08,Spring Valley,Express,389.94,80.11,42,198,Completed,90
F-000139,2025-10-20,ENT-09,Airport Corridor,Fleet,572.22,174.2,58,243,Completed,160
F-000140,2025-10-20,ENT-10,Boulder Highway,Logistics,376.08,112.42,37,211,Completed,100
F-000141,2025-10-21,ENT-01,Zone North 89011,Logistics,527.23,117.03,53,278,Completed,120
F-000142,2025-10-21,ENT-02,Zone West Central,Express,395.6,102.48,38,205,Completed,95
F-000143,2025-10-21,ENT-03,Downtown Corridor,Fleet,582.68,181.45,57,273,Completed,140
F-000144,2025-10-21,ENT-04,Henderson South,Logistics,403.92,126.33,44,214,Completed,110
F-000145,2025-10-21,ENT-05,Summerlin,Express,496.52,119.6,56,273,Completed,125
F-000146,2025-10-21,ENT-06,Strip Core,Fleet,664.96,214.75,71,367,Completed,190
F-000147,2025-10-21,ENT-07,North Las Vegas,Logistics,421.78,107.09,41,218,Completed,105
F-000148,2025-10-21,ENT-08,Spring Valley,Express,409.37,85.21,44,224,Completed,90
F-000149,2025-10-21,ENT-09,Airport Corridor,Fleet,672.63,164.25,71,326,Completed,160
F-000150,2025-10-21,ENT-10,Boulder Highway,Logistics,310.62,136.52,32,154,Delayed,100
F-000151,2025-10-22,ENT-01,Zone North 89011,Logistics,446.48,118.1,52,238,Completed,120
F-000152,2025-10-22,ENT-02,Zone West Central,Express,403.41,92.85,44,246,Completed,95
F-000153,2025-10-22,ENT-03,Downtown Corridor,Fleet,550.33,168.33,56,277,Completed,140
F-000154,2025-10-22,ENT-04,Henderson South,Logistics,422.19,111.01,44,220,Completed,110
F-000155,2025-10-22,ENT-05,Summerlin,Express,583.93,124.72,66,280,Completed,125
F-000156,2025-10-22,ENT-06,Strip Core,Fleet,685.72,185.39,76,395,Completed,190
F-000157,2025-10-22,ENT-07,North Las Vegas,Logistics,361.28,107.54,39,189,Completed,105
F-000158,2025-10-22,ENT-08,Spring Valley,Express,377.99,99.63,36,188,Completed,90
F-000159,2025-10-22,ENT-09,Airport Corridor,Fleet,669.99,160.72,79,380,Completed,160
F-000160,2025-10-22,ENT-10,Boulder Highway,Logistics,373.91,113.79,36,155,Completed,100
F-000161,2025-10-23,ENT-01,Zone North 89011,Logistics,503.56,124.26,52,278,Completed,120
F-000162,2025-10-23,ENT-02,Zone West Central,Express,413.55,100.77,44,184,Completed,95
F-000163,2025-10-23,ENT-03,Downtown Corridor,Fleet,641.95,176.48,74,402,Completed,140
F-000164,2025-10-23,ENT-04,Henderson South,Logistics,463.04,120.09,50,242,Delayed,110
F-000165,2025-10-23,ENT-05,Summerlin,Express,578.75,127.69,61,303,Completed,125
F-000166,2025-10-23,ENT-06,Strip Core,Fleet,647.39,224.03,63,304,Delayed,190
F-000167,2025-10-23,ENT-07,North Las Vegas,Logistics,365.0,108.78,40,199,Delayed,105
F-000168,2025-10-23,ENT-08,Spring Valley,Express,396.5,92.66,41,197,Completed,90
F-000169,2025-10-23,ENT-09,Airport Corridor,Fleet,744.51,172.3,85,448,Completed,160
F-000170,2025-10-23,ENT-10,Boulder Highway,Logistics,382.49,119.52,42,206,Completed,100
F-000171,2025-10-24,ENT-01,Zone North 89011,Logistics,505.26,122.3,57,268,Completed,120
F-000172,2025-10-24,ENT-02,Zone West Central,Express,422.17,94.49,42,199,Completed,95
F-000173,2025-10-24,ENT-03,Downtown Corridor,Fleet,590.01,185.5,59,296,Completed,140
F-000174,2025-10-24,ENT-04,Henderson South,Logistics,438.79,116.06,46,232,Completed,110
F-000175,2025-10-24,ENT-05,Summerlin,Express,627.6,124.91,66,332,Completed,125
F-000176,2025-10-24,ENT-06,Strip Core,Fleet,719.44,200.35,76,407,Completed,190
F-000177,2025-10-24,ENT-07,North Las Vegas,Logistics,434.77,107.41,50,231,Completed,105
F-000178,2025-10-24,ENT-08,Spring Valley,Express,353.53,81.39,38,228,Completed,90
F-000179,2025-10-24,ENT-09,Airport Corridor,Fleet,719.7,179.17,73,379,Completed,160
F-000180,2025-10-24,ENT-10,Boulder Highway,Logistics,342.2,113.35,36,180,Completed,100
F-000181,2025-10-25,ENT-01,Zone North 89011,Logistics,591.87,127.01,64,306,Completed,120
F-000182,2025-10-25,ENT-02,Zone West Central,Express,495.99,96.43,50,258,Completed,95
F-000183,2025-10-25,ENT-03,Downtown Corridor,Fleet,461.87,174.59,50,224,Completed,140
F-000184,2025-10-25,ENT-04,Henderson South,Logistics,554.73,114.65,53,245,Completed,110
F-000185,2025-10-25,ENT-05,Summerlin,Express,622.33,129.18,63,319,Completed,125
F-000186,2025-10-25,ENT-06,Strip Core,Fleet,1072.8,198.61,106,574,Completed,190
F-000187,2025-10-25,ENT-07,North Las Vegas,Logistics,484.13,104.38,49,247,Completed,105
F-000188,2025-10-25,ENT-08,Spring Valley,Express,411.09,88.91,45,227,Completed,90
F-000189,2025-10-25,ENT-09,Airport Corridor,Fleet,721.45,170.73,78,366,Completed,160
F-000190,2025-10-25,ENT-10,Boulder Highway,Logistics,356.77,118.11,39,183,Completed,100
F-000191,2025-10-26,ENT-01,Zone North 89011,Logistics,539.83,110.11,62,297,Completed,120
F-000192,2025-10-26,ENT-02,Zone West Central,Express,549.78,93.11,58,279,Completed,95
F-000193,2025-10-26,ENT-03,Downtown Corridor,Fleet,503.21,197.45,54,255,Completed,140
F-000194,2025-10-26,ENT-04,Henderson South,Logistics,464.96,113.6,48,218,Completed,110
F-000195,2025-10-26,ENT-05,Summerlin,Express,652.51,126.27,72,370,Completed,125
F-000196,2025-10-26,ENT-06,Strip Core,Fleet,984.39,218.88,104,558,Completed,190
F-000197,2025-10-26,ENT-07,North Las Vegas,Logistics,427.15,103.96,50,252,Completed,105
F-000198,2025-10-26,ENT-08,Spring Valley,Express,406.45,83.07,44,199,Completed,90
F-000199,2025-10-26,ENT-09,Airport Corridor,Fleet,665.04,171.13,68,363,Completed,160
F-000200,2025-10-26,ENT-10,Boulder Highway,Logistics,356.24,121.21,37,174,Completed,100
F-000201,2025-10-27,ENT-01,Zone North 89011,Logistics,489.74,128.9,55,286,Completed,120
F-000202,2025-10-27,ENT-02,Zone West Central,Express,427.9,99.61,42,214,Completed,95
F-000203,2025-10-27,ENT-03,Downtown Corridor,Fleet,606.3,185.64,62,319,Completed,140
F-000204,2025-10-27,ENT-04,Henderson South,Logistics,463.16,115.8,46,214,Completed,110
F-000205,2025-10-27,ENT-05,Summerlin,Express,604.37,117.2,62,323,Completed,125
F-000206,2025-10-27,ENT-06,Strip Core,Fleet,700.97,225.84,77,363,Completed,190
F-000207,2025-10-27,ENT-07,North Las Vegas,Logistics,393.64,106.03,46,263,Completed,105
F-000208,2025-10-27,ENT-08,Spring Valley,Express,410.86,93.84,44,209,Completed,90
F-000209,2025-10-27,ENT-09,Airport Corridor,Fleet,683.2,149.02,68,342,Completed,160
F-000210,2025-10-27,ENT-10,Boulder Highway,Logistics,392.04,119.74,38,189,Completed,100
F-000211,2025-10-28,ENT-01,Zone North 89011,Logistics,492.85,114.18,55,259,Completed,120
F-000212,2025-10-28,ENT-02,Zone West Central,Express,417.33,98.21,45,229,Completed,95
F-000213,2025-10-28,ENT-03,Downtown Corridor,Fleet,534.49,168.64,62,286,Completed,140
F-000214,2025-10-28,ENT-04,Henderson South,Logistics,454.86,113.01,44,197,Completed,110
F-000215,2025-10-28,ENT-05,Summerlin,Express,532.57,119.53,51,251,Completed,125
F-000216,2025-10-28,ENT-06,Strip Core,Fleet,773.95,223.48,77,400,Completed,190
F-000217,2025-10-28,ENT-07,North Las Vegas,Logistics,392.32,95.79,40,193,Completed,105
F-000218,2025-10-28,ENT-08,Spring Valley,Express,357.12,86.02,40,223,Completed,90
F-000219,2025-10-28,ENT-09,Airport Corridor,Fleet,617.11,170.62,71,391,Completed,160
F-000220,2025-10-28,ENT-10,Boulder Highway,Logistics,392.04,125.78,43,203,Completed,100
F-000221,2025-10-29,ENT-01,Zone North 89011,Logistics,530.26,127.95,52,274,Completed,120
F-000222,2025-10-29,ENT-02,Zone West Central,Express,384.83,89.8,43,218,Completed,95
F-000223,2025-10-29,ENT-03,Downtown Corridor,Fleet,586.86,197.11,61,301,Completed,140
F-000224,2025-10-29,ENT-04,Henderson South,Logistics,398.59,129.84,38,179,Delayed,110
F-000225,2025-10-29,ENT-05,Summerlin,Express,545.37,128.55,52,275,Completed,125
F-000226,2025-10-29,ENT-06,Strip Core,Fleet,695.18,213.31,72,354,Completed,190
F-000227,2025-10-29,ENT-07,North Las Vegas,Logistics,460.48,96.05,46,227,Completed,105
F-000228,2025-10-29,ENT-08,Spring Valley,Express,373.07,77.34,40,206,Completed,90
F-000229,2025-10-29,ENT-09,Airport Corridor,Fleet,671.8,170.57,75,403,Completed,160
F-000230,2025-10-29,ENT-10,Boulder Highway,Logistics,367.52,130.59,36,160,Completed,100
F-000231,2025-10-30,ENT-01,Zone North 89011,Logistics,486.37,136.19,55,283,Completed,120
F-000232,2025-10-30,ENT-02,Zone West Central,Express,404.08,99.1,42,222,Completed,95
F-000233,2025-10-30,ENT-03,Downtown Corridor,Fleet,581.42,178.74,64,278,Completed,140
F-000234,2025-10-30,ENT-04,Henderson South,Logistics,516.83,111.47,53,246,Completed,110
F-000235,2025-10-30,ENT-05,Summerlin,Express,521.33,121.03,56,286,Completed,125
F-000236,2025-10-30,ENT-06,Strip Core,Fleet,707.04,231.62,82,407,Delayed,190
F-000237,2025-10-30,ENT-07,North Las Vegas,Logistics,322.28,105.44,35,152,Completed,105
F-000238,2025-10-30,ENT-08,Spring Valley,Express,317.94,89.3,35,184,Completed,90
F-000239,2025-10-30,ENT-09,Airport Corridor,Fleet,592.59,157.38,65,280,Completed,160
F-000240,2025-10-30,ENT-10,Boulder Highway,Logistics,347.57,123.89,35,197,Completed,100
F-000241,2025-10-31,ENT-01,Zone North 89011,Logistics,509.44,120.26,54,269,Completed,120
F-000242,2025-10-31,ENT-02,Zone West Central,Express,409.01,108.09,39,204,Completed,95
F-000243,2025-10-31,ENT-03,Downtown Corridor,Fleet,603.06,197.7,65,347,Completed,140
F-000244,2025-10-31,ENT-04,Henderson South,Logistics,457.84,119.38,46,253,Completed,110
F-000245,2025-10-31,ENT-05,Summerlin,Express,463.79,134.43,49,240,Completed,125
F-000246,2025-10-31,ENT-06,Strip Core,Fleet,713.09,212.62,70,348,Completed,190
F-000247,2025-10-31,ENT-07,North Las Vegas,Logistics,417.34,108.68,46,217,Completed,105
F-000248,2025-10-31,ENT-08,Spring Valley,Express,404.0,88.4,44,240,Completed,90
F-000249,2025-10-31,ENT-09,Airport Corridor,Fleet,569.35,218.08,66,323,Delayed,160
F-000250,2025-10-31,ENT-10,Boulder Highway,Logistics,402.34,110.78,41,187,Completed,100
F-000251,2025-11-01,ENT-01,Zone North 89011,Logistics,570.69,123.33,62,289,Completed,120
F-000252,2025-11-01,ENT-02,Zone West Central,Express,481.58,89.25,48,216,Completed,95
F-000253,2025-11-01,ENT-03,Downtown Corridor,Fleet,473.47,177.69,53,247,Completed,140
F-000254,2025-11-01,ENT-04,Henderson South,Logistics,460.55,108.01,51,263,Completed,110
F-000255,2025-11-01,ENT-05,Summerlin,Express,709.09,121.45,75,360,Completed,125
F-000256,2025-11-01,ENT-06,Strip Core,Fleet,911.35,224.56,92,478,Completed,190
F-000257,2025-11-01,ENT-07,North Las Vegas,Logistics,410.21,111.68,43,240,Completed,105
F-000258,2025-11-01,ENT-08,Spring Valley,Express,395.9,96.2,42,190,Completed,90
F-000259,2025-11-01,ENT-09,Airport Corridor,Fleet,630.85,175.38,74,358,Completed,160
F-000260,2025-11-01,ENT-10,Boulder Highway,Logistics,401.41,109.07,44,232,Completed,100
F-000261,2025-11-02,ENT-01,Zone North 89011,Logistics,544.18,113.93,54,269,Completed,120
F-000262,2025-11-02,ENT-02,Zone West Central,Express,494.3,87.06,48,256,Completed,95
F-000263,2025-11-02,ENT-03,Downtown Corridor,Fleet,447.95,191.9,48,262,Delayed,140
F-000264,2025-11-02,ENT-04,Henderson South,Logistics,515.46,117.09,52,259,Completed,110
F-000265,2025-11-02,ENT-05,Summerlin,Express,771.0,115.98,86,433,Completed,125
F-000266,2025-11-02,ENT-06,Strip Core,Fleet,967.59,208.26,109,598,Completed,190
F-000267,2025-11-02,ENT-07,North Las Vegas,Logistics,451.74,114.07,47,227,Completed,105
F-000268,2025-11-02,ENT-08,Spring Valley,Express,415.12,90.96,43,221,Completed,90
F-000269,2025-11-02,ENT-09,Airport Corridor,Fleet,628.29,159.55,66,329,Completed,160
F-000270,2025-11-02,ENT-10,Boulder Highway,Logistics,433.61,105.58,48,226,Completed,100
F-000271,2025-11-03,ENT-01,Zone North 89011,Logistics,544.84,125.68,61,303,Completed,120
F-000272,2025-11-03,ENT-02,Zone West Central,Express,405.93,103.57,46,202,Delayed,95
F-000273,2025-11-03,ENT-03,Downtown Corridor,Fleet,566.03,176.16,63,310,Completed,140
F-000274,2025-11-03,ENT-04,Henderson South,Logistics,502.6,107.63,49,243,Completed,110
F-000275,2025-11-03,ENT-05,Summerlin,Express,527.64,130.08,53,251,Completed,125
F-000276,2025-11-03,ENT-06,Strip Core,Fleet,648.09,233.68,68,368,Delayed,190
F-000277,2025-11-03,ENT-07,North Las Vegas,Logistics,430.61,112.18,45,231,Completed,105
F-000278,2025-11-03,ENT-08,Spring Valley,Express,354.86,79.25,35,176,Completed,90
F-000279,2025-11-03,ENT-09,Airport Corridor,Fleet,660.14,160.4,68,319,Completed,160
F-000280,2025-11-03,ENT-10,Boulder Highway,Logistics,359.48,106.28,34,174,Completed,100
F-000281,2025-11-04,ENT-01,Zone North 89011,Logistics,585.14,136.37,58,301,Completed,120
F-000282,2025-11-04,ENT-02,Zone West Central,Express,383.42,97.44,45,226,Completed,95
F-000283,2025-11-04,ENT-03,Downtown Corridor,Fleet,578.18,190.35,60,293,Completed,140
F-000284,2025-11-04,ENT-04,Henderson South,Logistics,531.56,125.74,58,314,Completed,110
F-000285,2025-11-04,ENT-05,Summerlin,Express,580.93,113.69,64,324,Completed,125
F-000286,2025-11-04,ENT-06,Strip Core,Fleet,790.69,230.28,79,405,Completed,190
F-000287,2025-11-04,ENT-07,North Las Vegas,Logistics,415.63,118.34,41,197,Delayed,105
F-000288,2025-11-04,ENT-08,Spring Valley,Express,360.52,86.54,37,191,Completed,90
F-000289,2025-11-04,ENT-09,Airport Corridor,Fleet,703.5,182.47,68,329,Completed,160
F-000290,2025-11-04,ENT-10,Boulder Highway,Logistics,366.32,124.68,36,207,Completed,100
F-000291,2025-11-05,ENT-01,Zone North 89011,Logistics,550.73,114.17,63,292,Completed,120
F-000292,2025-11-05,ENT-02,Zone West Central,Express,446.23,90.4,43,208,Completed,95
F-000293,2025-11-05,ENT-03,Downtown Corridor,Fleet,554.96,194.48,57,288,Completed,140
F-000294,2025-11-05,ENT-04,Henderson South,Logistics,468.43,114.96,45,233,Completed,110
F-000295,2025-11-05,ENT-05,Summerlin,Express,547.91,126.46,60,312,Completed,125
F-000296,2025-11-05,ENT-06,Strip Core,Fleet,684.97,212.52,74,404,Completed,190
F-000297,2025-11-05,ENT-07,North Las Vegas,Logistics,459.15,91.96,51,244,Completed,105
F-000298,2025-11-05,ENT-08,Spring Valley,Express,356.05,85.52,40,205,Completed,90
F-000299,2025-11-05,ENT-09,Airport Corridor,Fleet,730.18,163.7,75,381,Completed,160
F-000300,2025-11-05,ENT-10,Boulder Highway,Logistics,406.68,108.44,44,224,Completed,100
F-000301,2025-11-06,ENT-01,Zone North 89011,Logistics,560.9,130.27,58,287,Completed,120
F-000302,2025-11-06,ENT-02,Zone West Central,Express,445.68,100.02,43,199,Completed,95
F-000303,2025-11-06,ENT-03,Downtown Corridor,Fleet,541.51,161.09,56,277,Completed,140
F-000304,2025-11-06,ENT-04,Henderson South,Logistics,394.94,118.43,45,236,Completed,110
F-000305,2025-11-06,ENT-05,Summerlin,Express,600.13,121.52,58,333,Completed,125
F-000306,2025-11-06,ENT-06,Strip Core,Fleet,673.78,230.07,64,310,Completed,190
F-000307,2025-11-06,ENT-07,North Las Vegas,Logistics,466.54,105.85,45,230,Completed,105
F-000308,2025-11-06,ENT-08,Spring Valley,Express,387.77,91.82,43,209,Completed,90
F-000309,2025-11-06,ENT-09,Airport Corridor,Fleet,648.63,152.16,65,324,Completed,160
F-000310,2025-11-06,ENT-10,Boulder Highway,Logistics,314.83,122.36,32,139,Completed,100
F-000311,2025-11-07,ENT-01,Zone North 89011,Logistics,527.78,127.85,59,283,Completed,120
F-000312,2025-11-07,ENT-02,Zone West Central,Express,323.88,92.39,33,188,Completed,95
F-000313,2025-11-07,ENT-03,Downtown Corridor,Fleet,628.63,181.87,68,355,Completed,140
F-000314,2025-11-07,ENT-04,Henderson South,Logistics,447.86,113.5,49,255,Completed,110
F-000315,2025-11-07,ENT-05,Summerlin,Express,560.21,125.5,56,272,Completed,125
F-000316,2025-11-07,ENT-06,Strip Core,Fleet,764.41,197.88,86,415,Completed,190
F-000317,2025-11-07,ENT-07,North Las Vegas,Logistics,426.35,93.44,45,246,Completed,105
F-000318,2025-11-07,ENT-08,Spring Valley,Express,402.54,95.66,42,204,Completed,90
F-000319,2025-11-07,ENT-09,Airport Corridor,Fleet,626.63,181.09,70,367,Completed,160
F-000320,2025-11-07,ENT-10,Boulder Highway,Logistics,382.48,121.22,41,178,Completed,100
F-000321,2025-11-08,ENT-01,Zone North 89011,Logistics,477.4,125.96,51,267,Completed,120
F-000322,2025-11-08,ENT-02,Zone West Central,Express,452.17,100.38,43,233,Completed,95
F-000323,2025-11-08,ENT-03,Downtown Corridor,Fleet,602.56,190.39,65,342,Completed,140
F-000324,2025-11-08,ENT-04,Henderson South,Logistics,0.0,38.65,0,30,Cancelled,110
F-000325,2025-11-08,ENT-05,Summerlin,Express,746.33,110.06,76,373,Completed,125
F-000326,2025-11-08,ENT-06,Strip Core,Fleet,954.29,208.92,100,524,Completed,190
F-000327,2025-11-08,ENT-07,North Las Vegas,Logistics,424.91,106.95,47,227,Completed,105
F-000328,2025-11-08,ENT-08,Spring Valley,Express,429.61,91.21,47,243,Completed,90
F-000329,2025-11-08,ENT-09,Airport Corridor,Fleet,620.2,165.26,66,346,Completed,160
F-000330,2025-11-08,ENT-10,Boulder Highway,Logistics,360.35,119.31,37,196,Completed,100
F-000331,2025-11-09,ENT-01,Zone North 89011,Logistics,625.66,126.49,70,337,Completed,120
F-000332,2025-11-09,ENT-02,Zone West Central,Express,495.03,90.62,50,243,Completed,95
F-000333,2025-11-09,ENT-03,Downtown Corridor,Fleet,465.22,170.54,51,236,Completed,140
F-000334,2025-11-09,ENT-04,Henderson South,Logistics,436.62,125.46,43,233,Delayed,110
F-000335,2025-11-09,ENT-05,Summerlin,Express,627.59,116.21,60,311,Completed,125
F-000336,2025-11-09,ENT-06,Strip Core,Fleet,861.09,208.01,93,495,Completed,190
F-000337,2025-11-09,ENT-07,North Las Vegas,Logistics,359.4,108.49,36,202,Completed,105
F-000338,2025-11-09,ENT-08,Spring Valley,Express,418.56,96.13,47,221,Completed,90
F-000339,2025-11-09,ENT-09,Airport Corridor,Fleet,556.0,151.83,64,335,Completed,160
F-000340,2025-11-09,ENT-10,Boulder Highway,Logistics,385.35,113.97,43,210,Completed,100
F-000341,2025-11-10,ENT-01,Zone North 89011,Logistics,497.29,113.55,49,240,Completed,120
F-000342,2025-11-10,ENT-02,Zone West Central,Express,402.97,108.87,38,178,Completed,95
F-000343,2025-11-10,ENT-03,Downtown Corridor,Fleet,609.8,194.55,59,299,Completed,140
F-000344,2025-11-10,ENT-04,Henderson South,Logistics,447.86,108.47,47,233,Completed,110
F-000345,2025-11-10,ENT-05,Summerlin,Express,658.37,133.67,65,338,Completed,125
F-000346,2025-11-10,ENT-06,Strip Core,Fleet,771.78,205.22,86,457,Completed,190
F-000347,2025-11-10,ENT-07,North Las Vegas,Logistics,393.66,103.28,43,218,Completed,105
F-000348,2025-11-10,ENT-08,Spring Valley,Express,352.95,84.83,35,173,Completed,90
F-000349,2025-11-10,ENT-09,Airport Corridor,Fleet,618.86,161.01,61,286,Completed,160
F-000350,2025-11-10,ENT-10,Boulder Highway,Logistics,330.91,126.14,38,168,Completed,100
F-000351,2025-11-11,ENT-01,Zone North 89011,Logistics,561.43,108.28,56,281,Completed,120
F-000352,2025-11-11,ENT-02,Zone West Central,Express,384.99,95.16,42,212,Completed,95
F-000353,2025-11-11,ENT-03,Downtown Corridor,Fleet,573.34,166.94,61,279,Completed,140
F-000354,2025-11-11,ENT-04,Henderson South,Logistics,435.26,120.35,51,266,Delayed,110
F-000355,2025-11-11,ENT-05,Summerlin,Express,519.31,109.97,60,285,Completed,125
F-000356,2025-11-11,ENT-06,Strip Core,Fleet,758.93,190.39,82,398,Completed,190
F-000357,2025-11-11,ENT-07,North Las Vegas,Logistics,0.0,38.87,0,30,Cancelled,105
F-000358,2025-11-11,ENT-08,Spring Valley,Express,329.76,83.41,38,167,Completed,90
F-000359,2025-11-11,ENT-09,Airport Corridor,Fleet,640.59,169.12,72,341,Completed,160
F-000360,2025-11-11,ENT-10,Boulder Highway,Logistics,384.74,105.6,40,176,Completed,100
F-000361,2025-11-12,ENT-01,Zone North 89011,Logistics,525.49,137.29,56,284,Completed,120
F-000362,2025-11-12,ENT-02,Zone West Central,Express,437.99,101.32,42,195,Completed,95
F-000363,2025-11-12,ENT-03,Downtown Corridor,Fleet,669.83,176.47,67,336,Completed,140
F-000364,2025-11-12,ENT-04,Henderson South,Logistics,496.45,115.63,48,256,Completed,110
F-000365,2025-11-12,ENT-05,Summerlin,Express,0.0,41.2,0,30,Cancelled,125
F-000366,2025-11-12,ENT-06,Strip Core,Fleet,727.76,226.61,79,416,Completed,190
F-000367,2025-11-12,ENT-07,North Las Vegas,Logistics,457.8,104.67,53,269,Completed,105
F-000368,2025-11-12,ENT-08,Spring Valley,Express,382.85,81.57,39,222,Completed,90
F-000369,2025-11-12,ENT-09,Airport Corridor,Fleet,720.44,177.54,73,351,Completed,160
F-000370,2025-11-12,ENT-10,Boulder Highway,Logistics,402.16,110.69,46,197,Completed,100
F-000371,2025-11-13,ENT-01,Zone North 89011,Logistics,492.41,129.4,56,252,Completed,120
F-000372,2025-11-13,ENT-02,Zone West Central,Express,417.9,94.28,48,245,Completed,95
F-000373,2025-11-13,ENT-03,Downtown Corridor,Fleet,585.71,189.43,63,315,Completed,140
F-000374,2025-11-13,ENT-04,Henderson South,Logistics,436.75,123.76,47,219,Completed,110
F-000375,2025-11-13,ENT-05,Summerlin,Express,540.31,129.82,58,282,Completed,125
F-000376,2025-11-13,ENT-06,Strip Core,Fleet,731.09,213.56,75,366,Completed,190
F-000377,2025-11-13,ENT-07,North Las Vegas,Logistics,403.03,120.86,44,228,Delayed,105
F-000378,2025-11-13,ENT-08,Spring Valley,Express,358.69,84.45,34,179,Completed,90
F-000379,2025-11-13,ENT-09,Airport Corridor,Fleet,603.08,192.67,66,364,Completed,160
F-000380,2025-11-13,ENT-10,Boulder Highway,Logistics,359.67,115.68,40,183,Completed,100
F-000381,2025-11-14,ENT-01,Zone North 89011,Logistics,522.68,116.18,54,257,Completed,120
F-000382,2025-11-14,ENT-02,Zone West Central,Express,391.15,81.94,39,184,Completed,95
F-000383,2025-11-14,ENT-03,Downtown Corridor,Fleet,588.34,195.98,58,269,Completed,140
F-000384,2025-11-14,ENT-04,Henderson South,Logistics,486.25,115.38,48,241,Completed,110
F-000385,2025-11-14,ENT-05,Summerlin,Express,607.7,121.27,64,336,Completed,125
F-000386,2025-11-14,ENT-06,Strip Core,Fleet,660.81,216.75,69,342,Completed,190
F-000387,2025-11-14,ENT-07,North Las Vegas,Logistics,475.39,112.06,52,299,Completed,105
F-000388,2025-11-14,ENT-08,Spring Valley,Express,409.01,87.09,39,182,Completed,90
F-000389,2025-11-14,ENT-09,Airport Corridor,Fleet,698.8,170.83,73,358,Completed,160
F-000390,2025-11-14,ENT-10,Boulder Highway,Logistics,350.08,109.01,37,193,Completed,100
F-000391,2025-11-15,ENT-01,Zone North 89011,Logistics,577.77,123.46,55,264,Completed,120
F-000392,2025-11-15,ENT-02,Zone West Central,Express,498.27,93.01,53,276,Completed,95
F-000393,2025-11-15,ENT-03,Downtown Corridor,Fleet,457.48,186.29,50,280,Completed,140
F-000394,2025-11-15,ENT-04,Henderson South,Logistics,563.04,108.69,54,244,Completed,110
F-000395,2025-11-15,ENT-05,Summerlin,Express,682.93,125.61,66,310,Completed,125
F-000396,2025-11-15,ENT-06,Strip Core,Fleet,1012.75,205.05,104,485,Completed,190
F-000397,2025-11-15,ENT-07,North Las Vegas,Logistics,397.14,103.03,45,236,Completed,105
F-000398,2025-11-15,ENT-08,Spring Valley,Express,430.75,98.22,47,248,Completed,90
F-000399,2025-11-15,ENT-09,Airport Corridor,Fleet,617.71,190.63,63,308,Completed,160
F-000400,2025-11-15,ENT-10,Boulder Highway,Logistics,339.66,110.57,34,195,Completed,100
F-000401,2025-11-16,ENT-01,Zone North 89011,Logistics,539.17,132.67,61,284,Completed,120
F-000402,2025-11-16,ENT-02,Zone West Central,Express,530.82,93.04,60,281,Completed,95
F-000403,2025-11-16,ENT-03,Downtown Corridor,Fleet,539.79,194.1,55,284,Completed,140
F-000404,2025-11-16,ENT-04,Henderson South,Logistics,494.62,118.71,57,287,Completed,110
F-000405,2025-11-16,ENT-05,Summerlin,Express,697.64,122.02,67,317,Completed,125
F-000406,2025-11-16,ENT-06,Strip Core,Fleet,988.6,192.56,114,539,Completed,190
F-000407,2025-11-16,ENT-07,North Las Vegas,Logistics,427.5,101.22,45,194,Completed,105
F-000408,2025-11-16,ENT-08,Spring Valley,Express,458.22,90.17,52,256,Completed,90
F-000409,2025-11-16,ENT-09,Airport Corridor,Fleet,646.91,161.59,75,353,Completed,160
F-000410,2025-11-16,ENT-10,Boulder Highway,Logistics,339.38,129.23,37,213,Completed,100
F-000411,2025-11-17,ENT-01,Zone North 89011,Logistics,471.08,125.07,50,271,Completed,120
F-000412,2025-11-17,ENT-02,Zone West Central,Express,381.86,98.27,38,179,Completed,95
F-000413,2025-11-17,ENT-03,Downtown Corridor,Fleet,621.53,185.12,70,320,Completed,140
F-000414,2025-11-17,ENT-04,Henderson South,Logistics,511.97,109.0,56,267,Completed,110
F-000415,2025-11-17,ENT-05,Summerlin,Express,638.89,105.25,74,403,Completed,125
F-000416,2025-11-17,ENT-06,Strip Core,Fleet,602.2,239.49,59,282,Completed,190
F-000417,2025-11-17,ENT-07,North Las Vegas,Logistics,410.32,94.88,42,201,Completed,105
F-000418,2025-11-17,ENT-08,Spring Valley,Express,373.74,84.45,36,175,Completed,90
F-000419,2025-11-17,ENT-09,Airport Corridor,Fleet,554.79,186.51,60,321,Delayed,160
F-000420,2025-11-17,ENT-10,Boulder Highway,Logistics,366.68,120.28,39,181,Completed,100
F-000421,2025-11-18,ENT-01,Zone North 89011,Logistics,497.7,125.04,56,279,Completed,120
F-000422,2025-11-18,ENT-02,Zone West Central,Express,430.46,97.9,45,215,Completed,95
F-000423,2025-11-18,ENT-03,Downtown Corridor,Fleet,567.35,193.63,65,334,Completed,140
F-000424,2025-11-18,ENT-04,Henderson South,Logistics,491.68,119.59,47,214,Completed,110
F-000425,2025-11-18,ENT-05,Summerlin,Express,548.69,118.21,62,329,Completed,125
F-000426,2025-11-18,ENT-06,Strip Core,Fleet,814.15,213.75,92,464,Completed,190
F-000427,2025-11-18,ENT-07,North Las Vegas,Logistics,407.76,115.85,42,231,Completed,105
F-000428,2025-11-18,ENT-08,Spring Valley,Express,385.5,92.1,45,238,Completed,90
F-000429,2025-11-18,ENT-09,Airport Corridor,Fleet,723.27,142.6,83,372,Completed,160
F-000430,2025-11-18,ENT-10,Boulder Highway,Logistics,396.69,123.48,45,241,Completed,100
F-000431,2025-11-19,ENT-01,Zone North 89011,Logistics,0.0,41.66,0,30,Cancelled,120
F-000432,2025-11-19,ENT-02,Zone West Central,Express,404.86,91.82,41,183,Completed,95
F-000433,2025-11-19,ENT-03,Downtown Corridor,Fleet,545.47,188.71,63,295,Completed,140
F-000434,2025-11-19,ENT-04,Henderson South,Logistics,434.84,101.72,50,262,Completed,110
F-000435,2025-11-19,ENT-05,Summerlin,Express,606.7,126.51,62,315,Completed,125
F-000436,2025-11-19,ENT-06,Strip Core,Fleet,624.67,207.89,66,335,Completed,190
F-000437,2025-11-19,ENT-07,North Las Vegas,Logistics,422.73,108.61,41,216,Completed,105
F-000438,2025-11-19,ENT-08,Spring Valley,Express,368.09,92.46,35,179,Delayed,90
F-000439,2025-11-19,ENT-09,Airport Corridor,Fleet,729.95,185.37,79,409,Completed,160
F-000440,2025-11-19,ENT-10,Boulder Highway,Logistics,292.74,118.72,32,146,Completed,100
F-000441,2025-11-20,ENT-01,Zone North 89011,Logistics,573.76,127.82,59,279,Completed,120
F-000442,2025-11-20,ENT-02,Zone West Central,Express,431.39,101.63,48,240,Completed,95
F-000443,2025-11-20,ENT-03,Downtown Corridor,Fleet,575.96,179.55,60,280,Completed,140
F-000444,2025-11-20,ENT-04,Henderson South,Logistics,431.75,113.88,43,223,Completed,110
F-000445,2025-11-20,ENT-05,Summerlin,Express,575.69,122.94,61,303,Completed,125
F-000446,2025-11-20,ENT-06,Strip Core,Fleet,820.0,213.45,83,387,Completed,190
F-000447,2025-11-20,ENT-07,North Las Vegas,Logistics,465.77,104.3,47,237,Completed,105
F-000448,2025-11-20,ENT-08,Spring Valley,Express,423.98,88.21,50,287,Completed,90
F-000449,2025-11-20,ENT-09,Airport Corridor,Fleet,656.79,174.1,68,306,Completed,160
F-000450,2025-11-20,ENT-10,Boulder Highway,Logistics,372.89,109.37,41,192,Completed,100
F-000451,2025-11-21,ENT-01,Zone North 89011,Logistics,449.28,117.71,47,224,Completed,120
F-000452,2025-11-21,ENT-02,Zone West Central,Express,387.48,89.93,37,198,Completed,95
F-000453,2025-11-21,ENT-03,Downtown Corridor,Fleet,506.91,172.28,54,246,Completed,140
F-000454,2025-11-21,ENT-04,Henderson South,Logistics,518.36,114.6,55,297,Completed,110
F-000455,2025-11-21,ENT-05,Summerlin,Express,0.0,46.82,0,30,Cancelled,125
F-000456,2025-11-21,ENT-06,Strip Core,Fleet,758.12,208.86,79,387,Completed,190
F-000457,2025-11-21,ENT-07,North Las Vegas,Logistics,439.63,114.42,45,212,Completed,105
F-000458,2025-11-21,ENT-08,Spring Valley,Express,366.04,90.04,37,170,Completed,90
F-000459,2025-11-21,ENT-09,Airport Corridor,Fleet,713.81,170.86,78,432,Completed,160
F-000460,2025-11-21,ENT-10,Boulder Highway,Logistics,315.29,129.0,32,150,Completed,100
F-000461,2025-11-22,ENT-01,Zone North 89011,Logistics,525.97,122.0,61,328,Completed,120
F-000462,2025-11-22,ENT-02,Zone West Central,Express,490.16,106.24,50,233,Completed,95
F-000463,2025-11-22,ENT-03,Downtown Corridor,Fleet,534.96,179.38,61,334,Completed,140
F-000464,2025-11-22,ENT-04,Henderson South,Logistics,535.66,98.64,59,299,Completed,110
F-000465,2025-11-22,ENT-05,Summerlin,Express,696.14,111.08,76,373,Completed,125
F-000466,2025-11-22,ENT-06,Strip Core,Fleet,1010.77,217.06,114,551,Completed,190
F-000467,2025-11-22,ENT-07,North Las Vegas,Logistics,352.07,122.08,39,188,Delayed,105
F-000468,2025-11-22,ENT-08,Spring Valley,Express,461.49,94.04,47,233,Completed,90
F-000469,2025-11-22,ENT-09,Airport Corridor,Fleet,649.84,162.64,72,334,Completed,160
F-000470,2025-11-22,ENT-10,Boulder Highway,Logistics,361.75,117.21,39,230,Completed,100
F-000471,2025-11-23,ENT-01,Zone North 89011,Logistics,558.11,117.44,55,282,Completed,120
F-000472,2025-11-23,ENT-02,Zone West Central,Express,513.49,98.51,56,285,Completed,95
F-000473,2025-11-23,ENT-03,Downtown Corridor,Fleet,484.26,168.86,48,245,Completed,140
F-000474,2025-11-23,ENT-04,Henderson South,Logistics,546.63,111.59,54,265,Completed,110
F-000475,2025-11-23,ENT-05,Summerlin,Express,727.71,124.03,75,392,Completed,125
F-000476,2025-11-23,ENT-06,Strip Core,Fleet,998.9,210.68,113,538,Completed,190
F-000477,2025-11-23,ENT-07,North Las Vegas,Logistics,433.25,105.46,48,219,Completed,105
F-000478,2025-11-23,ENT-08,Spring Valley,Express,467.36,93.6,53,285,Completed,90
F-000479,2025-11-23,ENT-09,Airport Corridor,Fleet,557.18,168.14,55,299,Completed,160
F-000480,2025-11-23,ENT-10,Boulder Highway,Logistics,338.54,110.73,36,173,Completed,100
F-000481,2025-11-24,ENT-01,Zone North 89011,Logistics,523.11,128.9,51,301,Completed,120
F-000482,2025-11-24,ENT-02,Zone West Central,Express,0.0,30.06,0,30,Cancelled,95
F-000483,2025-11-24,ENT-03,Downtown Corridor,Fleet,667.16,189.45,66,390,Completed,140
F-000484,2025-11-24,ENT-04,Henderson South,Logistics,532.62,117.56,58,329,Completed,110
F-000485,2025-11-24,ENT-05,Summerlin,Express,574.37,118.13,57,296,Completed,125
F-000486,2025-11-24,ENT-06,Strip Core,Fleet,724.19,204.4,75,329,Completed,190
F-000487,2025-11-24,ENT-07,North Las Vegas,Logistics,496.96,105.61,55,282,Completed,105
F-000488,2025-11-24,ENT-08,Spring Valley,Express,398.09,90.85,39,200,Completed,90
F-000489,2025-11-24,ENT-09,Airport Corridor,Fleet,717.55,182.38,70,356,Completed,160
F-000490,2025-11-24,ENT-10,Boulder Highway,Logistics,371.03,129.28,36,183,Completed,100
F-000491,2025-11-25,ENT-01,Zone North 89011,Logistics,440.12,135.62,51,252,Completed,120
F-000492,2025-11-25,ENT-02,Zone West Central,Express,378.77,115.66,39,178,Delayed,95
F-000493,2025-11-25,ENT-03,Downtown Corridor,Fleet,683.27,176.92,68,319,Completed,140
F-000494,2025-11-25,ENT-04,Henderson South,Logistics,474.91,111.33,48,274,Completed,110
F-000495,2025-11-25,ENT-05,Summerlin,Express,0.0,41.86,0,30,Cancelled,125
F-000496,2025-11-25,ENT-06,Strip Core,Fleet,747.69,243.5,78,402,Completed,190
F-000497,2025-11-25,ENT-07,North Las Vegas,Logistics,462.6,114.8,44,212,Completed,105
F-000498,2025-11-25,ENT-08,Spring Valley,Express,377.35,87.62,40,176,Completed,90
F-000499,2025-11-25,ENT-09,Airport Corridor,Fleet,660.56,174.35,76,335,Completed,160
F-000500,2025-11-25,ENT-10,Boulder Highway,Logistics,397.04,133.15,43,212,Completed,100
F-000501,2025-11-26,ENT-01,Zone North 89011,Logistics,327.35,128.09,33,172,Completed,120
F-000502,2025-11-26,ENT-02,Zone West Central,Express,250.47,98.23,24,104,Completed,95
F-000503,2025-11-26,ENT-03,Downtown Corridor,Fleet,379.6,189.38,40,226,Completed,140
F-000504,2025-11-26,ENT-04,Henderson South,Logistics,310.11,109.04,30,133,Completed,110
F-000505,2025-11-26,ENT-05,Summerlin,Express,347.51,119.19,39,179,Completed,125
F-000506,2025-11-26,ENT-06,Strip Core,Fleet,385.97,212.7,43,190,Completed,190
F-000507,2025-11-26,ENT-07,North Las Vegas,Logistics,220.85,101.3,24,114,Completed,105
F-000508,2025-11-26,ENT-08,Spring Valley,Express,258.0,86.69,29,135,Completed,90
F-000509,2025-11-26,ENT-09,Airport Corridor,Fleet,449.62,180.24,48,237,Completed,160
F-000510,2025-11-26,ENT-10,Boulder Highway,Logistics,213.05,114.27,23,112,Completed,100
F-000511,2025-11-27,ENT-01,Zone North 89011,Logistics,504.61,131.32,56,261,Completed,120
F-000512,2025-11-27,ENT-02,Zone West Central,Express,358.45,100.05,34,178,Completed,95
F-000513,2025-11-27,ENT-03,Downtown Corridor,Fleet,521.78,173.35,56,291,Completed,140
F-000514,2025-11-27,ENT-04,Henderson South,Logistics,455.18,120.82,44,218,Completed,110
F-000515,2025-11-27,ENT-05,Summerlin,Express,463.15,121.72,47,254,Completed,125
F-000516,2025-11-27,ENT-06,Strip Core,Fleet,719.72,254.37,71,364,Delayed,190
F-000517,2025-11-27,ENT-07,North Las Vegas,Logistics,336.76,115.48,32,168,Completed,105
F-000518,2025-11-27,ENT-08,Spring Valley,Express,365.77,99.69,39,178,Completed,90
F-000519,2025-11-27,ENT-09,Airport Corridor,Fleet,641.36,177.85,63,319,Completed,160
F-000520,2025-11-27,ENT-10,Boulder Highway,Logistics,341.18,112.22,35,188,Completed,100
F-000521,2025-11-28,ENT-01,Zone North 89011,Logistics,594.58,116.88,68,318,Completed,120
F-000522,2025-11-28,ENT-02,Zone West Central,Express,400.22,90.77,41,196,Completed,95
F-000523,2025-11-28,ENT-03,Downtown Corridor,Fleet,605.96,186.17,61,291,Completed,140
F-000524,2025-11-28,ENT-04,Henderson South,Logistics,465.81,115.94,45,228,Completed,110
F-000525,2025-11-28,ENT-05,Summerlin,Express,575.05,116.27,61,334,Completed,125
F-000526,2025-11-28,ENT-06,Strip Core,Fleet,800.69,237.09,79,405,Completed,190
F-000527,2025-11-28,ENT-07,North Las Vegas,Logistics,384.56,111.26,43,225,Completed,105
F-000528,2025-11-28,ENT-08,Spring Valley,Express,334.4,96.31,38,168,Completed,90
F-000529,2025-11-28,ENT-09,Airport Corridor,Fleet,632.61,170.33,62,295,Completed,160
F-000530,2025-11-28,ENT-10,Boulder Highway,Logistics,418.04,121.48,40,199,Completed,100
F-000531,2025-11-29,ENT-01,Zone North 89011,Logistics,547.1,136.71,56,275,Completed,120
F-000532,2025-11-29,ENT-02,Zone West Central,Express,516.23,92.58,53,254,Completed,95
F-000533,2025-11-29,ENT-03,Downtown Corridor,Fleet,564.43,199.88,57,270,Completed,140
F-000534,2025-11-29,ENT-04,Henderson South,Logistics,528.8,99.01,54,264,Completed,110
F-000535,2025-11-29,ENT-05,Summerlin,Express,664.94,129.41,66,371,Completed,125
F-000536,2025-11-29,ENT-06,Strip Core,Fleet,998.72,203.57,111,569,Completed,190
F-000537,2025-11-29,ENT-07,North Las Vegas,Logistics,396.84,122.38,42,201,Completed,105
F-000538,2025-11-29,ENT-08,Spring Valley,Express,466.69,81.71,50,238,Completed,90
F-000539,2025-11-29,ENT-09,Airport Corridor,Fleet,554.41,169.5,60,299,Completed,160
F-000540,2025-11-29,ENT-10,Boulder Highway,Logistics,0.0,42.24,0,30,Cancelled,100
F-000541,2025-11-30,ENT-01,Zone North 89011,Logistics,582.25,118.73,57,288,Completed,120
F-000542,2025-11-30,ENT-02,Zone West Central,Express,564.98,103.95,58,285,Completed,95
F-000543,2025-11-30,ENT-03,Downtown Corridor,Fleet,491.1,164.59,47,216,Completed,140
F-000544,2025-11-30,ENT-04,Henderson South,Logistics,532.89,125.65,60,315,Completed,110
F-000545,2025-11-30,ENT-05,Summerlin,Express,683.23,130.89,66,316,Completed,125
F-000546,2025-11-30,ENT-06,Strip Core,Fleet,982.28,228.23,113,511,Completed,190
F-000547,2025-11-30,ENT-07,North Las Vegas,Logistics,424.1,118.3,48,244,Completed,105
F-000548,2025-11-30,ENT-08,Spring Valley,Express,458.0,84.17,45,235,Completed,90
F-000549,2025-11-30,ENT-09,Airport Corridor,Fleet,625.71,179.13,66,324,Completed,160
F-000550,2025-11-30,ENT-10,Boulder Highway,Logistics,331.09,132.18,32,168,Completed,100
F-000551,2025-12-01,ENT-01,Zone North 89011,Logistics,505.0,125.49,58,263,Completed,120
F-000552,2025-12-01,ENT-02,Zone West Central,Express,430.1,100.86,43,217,Completed,95
F-000553,2025-12-01,ENT-03,Downtown Corridor,Fleet,542.08,181.47,55,250,Completed,140
F-000554,2025-12-01,ENT-04,Henderson South,Logistics,554.15,120.84,55,275,Completed,110
F-000555,2025-12-01,ENT-05,Summerlin,Express,512.22,115.15,49,248,Completed,125
F-000556,2025-12-01,ENT-06,Strip Core,Fleet,742.24,212.58,73,348,Completed,190
F-000557,2025-12-01,ENT-07,North Las Vegas,Logistics,406.28,98.64,41,208,Completed,105
F-000558,2025-12-01,ENT-08,Spring Valley,Express,408.94,86.88,45,214,Completed,90
F-000559,2025-12-01,ENT-09,Airport Corridor,Fleet,651.88,156.97,63,326,Completed,160
F-000560,2025-12-01,ENT-10,Boulder Highway,Logistics,377.31,127.38,37,188,Delayed,100
F-000561,2025-12-02,ENT-01,Zone North 89011,Logistics,518.11,134.95,52,269,Completed,120
F-000562,2025-12-02,ENT-02,Zone West Central,Express,434.58,94.66,48,239,Completed,95
F-000563,2025-12-02,ENT-03,Downtown Corridor,Fleet,761.96,190.83,78,355,Completed,140
F-000564,2025-12-02,ENT-04,Henderson South,Logistics,451.12,108.76,51,273,Completed,110
F-000565,2025-12-02,ENT-05,Summerlin,Express,534.24,117.47,54,255,Completed,125
F-000566,2025-12-02,ENT-06,Strip Core,Fleet,713.66,217.05,82,380,Completed,190
F-000567,2025-12-02,ENT-07,North Las Vegas,Logistics,445.64,109.34,49,252,Completed,105
F-000568,2025-12-02,ENT-08,Spring Valley,Express,433.08,89.22,49,265,Completed,90
F-000569,2025-12-02,ENT-09,Airport Corridor,Fleet,660.1,171.31,64,334,Completed,160
F-000570,2025-12-02,ENT-10,Boulder Highway,Logistics,352.09,125.93,40,200,Completed,100
F-000571,2025-12-03,ENT-01,Zone North 89011,Logistics,523.8,145.13,56,264,Completed,120
F-000572,2025-12-03,ENT-02,Zone West Central,Express,415.75,92.99,42,217,Completed,95
F-000573,2025-12-03,ENT-03,Downtown Corridor,Fleet,612.05,177.01,62,286,Completed,140
F-000574,2025-12-03,ENT-04,Henderson South,Logistics,521.78,104.89,52,230,Completed,110
F-000575,2025-12-03,ENT-05,Summerlin,Express,467.14,132.95,50,269,Completed,125
F-000576,2025-12-03,ENT-06,Strip Core,Fleet,652.77,215.96,76,401,Completed,190
F-000577,2025-12-03,ENT-07,North Las Vegas,Logistics,447.03,112.31,44,231,Completed,105
F-000578,2025-12-03,ENT-08,Spring Valley,Express,414.63,88.84,41,223,Completed,90
F-000579,2025-12-03,ENT-09,Airport Corridor,Fleet,743.44,187.52,80,370,Completed,160
F-000580,2025-12-03,ENT-10,Boulder Highway,Logistics,392.18,115.72,41,190,Completed,100
F-000581,2025-12-04,ENT-01,Zone North 89011,Logistics,569.66,121.66,60,324,Completed,120
F-000582,2025-12-04,ENT-02,Zone West Central,Express,434.7,95.65,47,259,Completed,95
F-000583,2025-12-04,ENT-03,Downtown Corridor,Fleet,475.91,168.83,49,245,Completed,140
F-000584,2025-12-04,ENT-04,Henderson South,Logistics,426.98,116.99,48,255,Completed,110
F-000585,2025-12-04,ENT-05,Summerlin,Express,590.77,123.64,63,281,Completed,125
F-000586,2025-12-04,ENT-06,Strip Core,Fleet,760.59,190.17,87,442,Completed,190
F-000587,2025-12-04,ENT-07,North Las Vegas,Logistics,418.94,104.28,44,216,Completed,105
F-000588,2025-12-04,ENT-08,Spring Valley,Express,410.07,86.31,46,229,Completed,90
F-000589,2025-12-04,ENT-09,Airport Corridor,Fleet,710.36,167.69,79,377,Completed,160
F-000590,2025-12-04,ENT-10,Boulder Highway,Logistics,351.82,108.47,40,211,Completed,100
F-000591,2025-12-05,ENT-01,Zone North 89011,Logistics,516.31,129.84,50,223,Completed,120
F-000592,2025-12-05,ENT-02,Zone West Central,Express,400.79,98.91,40,209,Completed,95
F-000593,2025-12-05,ENT-03,Downtown Corridor,Fleet,664.28,189.62,64,294,Completed,140
F-000594,2025-12-05,ENT-04,Henderson South,Logistics,507.54,114.46,49,253,Completed,110
F-000595,2025-12-05,ENT-05,Summerlin,Express,495.25,115.37,50,278,Completed,125
F-000596,2025-12-05,ENT-06,Strip Core,Fleet,707.11,231.22,69,343,Delayed,190
F-000597,2025-12-05,ENT-07,North Las Vegas,Logistics,351.07,105.98,36,195,Completed,105
F-000598,2025-12-05,ENT-08,Spring Valley,Express,409.54,80.69,44,222,Completed,90
F-000599,2025-12-05,ENT-09,Airport Corridor,Fleet,740.26,161.95,71,376,Completed,160
F-000600,2025-12-05,ENT-10,Boulder Highway,Logistics,371.59,109.33,41,221,Completed,100
F-000601,2025-12-06,ENT-01,Zone North 89011,Logistics,545.62,125.68,56,260,Delayed,120
F-000602,2025-12-06,ENT-02,Zone West Central,Express,0.0,31.78,0,30,Cancelled,95
F-000603,2025-12-06,ENT-03,Downtown Corridor,Fleet,567.67,177.06,62,283,Completed,140
F-000604,2025-12-06,ENT-04,Henderson South,Logistics,551.64,105.9,55,282,Completed,110
F-000605,2025-12-06,ENT-05,Summerlin,Express,649.69,135.89,68,325,Completed,125
F-000606,2025-12-06,ENT-06,Strip Core,Fleet,1084.71,220.83,120,595,Completed,190
F-000607,2025-12-06,ENT-07,North Las Vegas,Logistics,456.26,98.45,46,215,Completed,105
F-000608,2025-12-06,ENT-08,Spring Valley,Express,430.39,95.65,43,203,Completed,90
F-000609,2025-12-06,ENT-09,Airport Corridor,Fleet,636.58,188.6,70,370,Completed,160
F-000610,2025-12-06,ENT-10,Boulder Highway,Logistics,354.16,137.51,37,162,Completed,100
F-000611,2025-12-07,ENT-01,Zone North 89011,Logistics,560.53,133.51,55,305,Completed,120
F-000612,2025-12-07,ENT-02,Zone West Central,Express,476.41,89.86,49,240,Completed,95
F-000613,2025-12-07,ENT-03,Downtown Corridor,Fleet,554.13,178.39,56,273,Completed,140
F-000614,2025-12-07,ENT-04,Henderson South,Logistics,557.98,109.93,64,333,Completed,110
F-000615,2025-12-07,ENT-05,Summerlin,Express,671.75,128.62,76,357,Completed,125
F-000616,2025-12-07,ENT-06,Strip Core,Fleet,1014.55,230.42,107,534,Completed,190
F-000617,2025-12-07,ENT-07,North Las Vegas,Logistics,390.75,115.49,44,222,Completed,105
F-000618,2025-12-07,ENT-08,Spring Valley,Express,463.36,83.93,52,256,Completed,90
F-000619,2025-12-07,ENT-09,Airport Corridor,Fleet,606.46,179.17,61,329,Completed,160
F-000620,2025-12-07,ENT-10,Boulder Highway,Logistics,366.08,119.73,39,207,Completed,100
F-000621,2025-12-08,ENT-01,Zone North 89011,Logistics,420.53,128.13,43,234,Delayed,120
F-000622,2025-12-08,ENT-02,Zone West Central,Express,368.54,90.25,36,199,Completed,95
F-000623,2025-12-08,ENT-03,Downtown Corridor,Fleet,549.87,194.22,64,345,Completed,140
F-000624,2025-12-08,ENT-04,Henderson South,Logistics,480.46,131.06,50,228,Delayed,110
F-000625,2025-12-08,ENT-05,Summerlin,Express,622.55,126.44,61,313,Completed,125
F-000626,2025-12-08,ENT-06,Strip Core,Fleet,779.08,203.96,80,397,Completed,190
F-000627,2025-12-08,ENT-07,North Las Vegas,Logistics,428.2,103.07,47,240,Completed,105
F-000628,2025-12-08,ENT-08,Spring Valley,Express,406.21,83.13,45,215,Completed,90
F-000629,2025-12-08,ENT-09,Airport Corridor,Fleet,624.65,162.79,63,306,Completed,160
F-000630,2025-12-08,ENT-10,Boulder Highway,Logistics,335.7,119.16,39,192,Completed,100
F-000631,2025-12-09,ENT-01,Zone North 89011,Logistics,566.8,131.29,65,328,Completed,120
F-000632,2025-12-09,ENT-02,Zone West Central,Express,420.81,92.2,48,224,Completed,95
F-000633,2025-12-09,ENT-03,Downtown Corridor,Fleet,567.5,184.19,65,353,Delayed,140
F-000634,2025-12-09,ENT-04,Henderson South,Logistics,408.72,125.76,43,205,Delayed,110
F-000635,2025-12-09,ENT-05,Summerlin,Express,564.65,122.6,59,309,Completed,125
F-000636,2025-12-09,ENT-06,Strip Core,Fleet,826.91,223.97,84,415,Completed,190
F-000637,2025-12-09,ENT-07,North Las Vegas,Logistics,441.58,110.62,50,244,Completed,105
F-000638,2025-12-09,ENT-08,Spring Valley,Express,0.0,34.0,0,30,Cancelled,90
F-000639,2025-12-09,ENT-09,Airport Corridor,Fleet,621.63,168.17,71,357,Completed,160
F-000640,2025-12-09,ENT-10,Boulder Highway,Logistics,369.6,126.03,38,215,Completed,100
F-000641,2025-12-10,ENT-01,Zone North 89011,Logistics,492.08,130.63,54,263,Completed,120
F-000642,2025-12-10,ENT-02,Zone West Central,Express,395.98,93.21,44,222,Completed,95
F-000643,2025-12-10,ENT-03,Downtown Corridor,Fleet,609.3,168.89,69,367,Completed,140
F-000644,2025-12-10,ENT-04,Henderson South,Logistics,459.78,111.48,52,272,Completed,110
F-000645,2025-12-10,ENT-05,Summerlin,Express,610.07,109.95,64,311,Completed,125
F-000646,2025-12-10,ENT-06,Strip Core,Fleet,719.83,216.52,84,427,Completed,190
F-000647,2025-12-10,ENT-07,North Las Vegas,Logistics,390.95,111.6,41,220,Completed,105
F-000648,2025-12-10,ENT-08,Spring Valley,Express,387.74,90.54,39,191,Completed,90
F-000649,2025-12-10,ENT-09,Airport Corridor,Fleet,648.59,181.87,70,338,Completed,160
F-000650,2025-12-10,ENT-10,Boulder Highway,Logistics,318.89,122.25,33,148,Completed,100
F-000651,2025-12-11,ENT-01,Zone North 89011,Logistics,553.6,139.54,53,264,Completed,120
F-000652,2025-12-11,ENT-02,Zone West Central,Express,411.76,96.97,45,222,Completed,95
F-000653,2025-12-11,ENT-03,Downtown Corridor,Fleet,641.57,203.25,68,370,Completed,140
F-000654,2025-12-11,ENT-04,Henderson South,Logistics,521.97,110.38,51,285,Completed,110
F-000655,2025-12-11,ENT-05,Summerlin,Express,557.08,131.27,57,266,Completed,125
F-000656,2025-12-11,ENT-06,Strip Core,Fleet,643.64,201.89,68,331,Completed,190
F-000657,2025-12-11,ENT-07,North Las Vegas,Logistics,455.72,101.34,47,240,Completed,105
F-000658,2025-12-11,ENT-08,Spring Valley,Express,402.46,96.58,45,228,Completed,90
F-000659,2025-12-11,ENT-09,Airport Corridor,Fleet,658.49,165.78,65,323,Completed,160
F-000660,2025-12-11,ENT-10,Boulder Highway,Logistics,371.61,119.88,43,206,Completed,100
F-000661,2025-12-12,ENT-01,Zone North 89011,Logistics,489.19,121.33,57,297,Completed,120
F-000662,2025-12-12,ENT-02,Zone West Central,Express,417.4,101.85,43,226,Completed,95
F-000663,2025-12-12,ENT-03,Downtown Corridor,Fleet,599.32,164.84,69,366,Completed,140
F-000664,2025-12-12,ENT-04,Henderson South,Logistics,486.87,121.46,48,272,Completed,110
F-000665,2025-12-12,ENT-05,Summerlin,Express,589.36,131.92,59,272,Completed,125
F-000666,2025-12-12,ENT-06,Strip Core,Fleet,758.33,215.95,85,461,Completed,190
F-000667,2025-12-12,ENT-07,North Las Vegas,Logistics,393.33,106.64,45,222,Completed,105
F-000668,2025-12-12,ENT-08,Spring Valley,Express,382.48,91.09,40,174,Completed,90
F-000669,2025-12-12,ENT-09,Airport Corridor,Fleet,584.85,159.2,58,285,Completed,160
F-000670,2025-12-12,ENT-10,Boulder Highway,Logistics,363.92,127.29,36,192,Completed,100
F-000671,2025-12-13,ENT-01,Zone North 89011,Logistics,518.11,130.0,52,273,Completed,120
F-000672,2025-12-13,ENT-02,Zone West Central,Express,523.67,91.57,58,309,Completed,95
F-000673,2025-12-13,ENT-03,Downtown Corridor,Fleet,498.6,184.33,49,249,Completed,140
F-000674,2025-12-13,ENT-04,Henderson South,Logistics,518.47,109.29,56,249,Completed,110
F-000675,2025-12-13,ENT-05,Summerlin,Express,650.65,117.58,70,340,Completed,125
F-000676,2025-12-13,ENT-06,Strip Core,Fleet,1112.0,214.78,117,560,Completed,190
F-000677,2025-12-13,ENT-07,North Las Vegas,Logistics,404.55,105.17,44,225,Completed,105
F-000678,2025-12-13,ENT-08,Spring Valley,Express,376.71,84.93,38,163,Completed,90
F-000679,2025-12-13,ENT-09,Airport Corridor,Fleet,642.45,180.96,67,344,Completed,160
F-000680,2025-12-13,ENT-10,Boulder Highway,Logistics,351.16,119.59,40,213,Completed,100
F-000681,2025-12-14,ENT-01,Zone North 89011,Logistics,547.29,124.38,63,266,Completed,120
F-000682,2025-12-14,ENT-02,Zone West Central,Express,589.63,90.45,61,317,Completed,95
F-000683,2025-12-14,ENT-03,Downtown Corridor,Fleet,546.91,166.53,61,316,Completed,140
F-000684,2025-12-14,ENT-04,Henderson South,Logistics,483.38,124.4,54,259,Completed,110
F-000685,2025-12-14,ENT-05,Summerlin,Express,713.7,123.37,81,439,Completed,125
F-000686,2025-12-14,ENT-06,Strip Core,Fleet,920.87,200.88,92,438,Completed,190
F-000687,2025-12-14,ENT-07,North Las Vegas,Logistics,453.13,109.66,44,224,Completed,105
F-000688,2025-12-14,ENT-08,Spring Valley,Express,440.22,86.99,46,216,Completed,90
F-000689,2025-12-14,ENT-09,Airport Corridor,Fleet,611.34,173.55,67,369,Completed,160
F-000690,2025-12-14,ENT-10,Boulder Highway,Logistics,298.33,128.18,30,146,Completed,100
F-000691,2025-12-15,ENT-01,Zone North 89011,Logistics,446.69,118.42,43,198,Completed,120
F-000692,2025-12-15,ENT-02,Zone West Central,Express,419.73,98.53,43,233,Completed,95
F-000693,2025-12-15,ENT-03,Downtown Corridor,Fleet,597.92,173.54,57,308,Completed,140
F-000694,2025-12-15,ENT-04,Henderson South,Logistics,495.45,115.3,49,234,Completed,110
F-000695,2025-12-15,ENT-05,Summerlin,Express,609.03,118.68,59,301,Completed,125
F-000696,2025-12-15,ENT-06,Strip Core,Fleet,707.25,227.18,71,369,Completed,190
F-000697,2025-12-15,ENT-07,North Las Vegas,Logistics,435.76,111.01,45,234,Completed,105
F-000698,2025-12-15,ENT-08,Spring Valley,Express,432.08,86.2,43,201,Completed,90
F-000699,2025-12-15,ENT-09,Airport Corridor,Fleet,723.67,173.97,76,429,Completed,160
F-000700,2025-12-15,ENT-10,Boulder Highway,Logistics,332.4,98.35,37,179,Completed,100
F-000701,2025-12-16,ENT-01,Zone North 89011,Logistics,499.44,122.2,53,255,Completed,120
F-000702,2025-12-16,ENT-02,Zone West Central,Express,367.85,103.78,37,177,Delayed,95
F-000703,2025-12-16,ENT-03,Downtown Corridor,Fleet,611.02,179.03,63,299,Completed,140
F-000704,2025-12-16,ENT-04,Henderson South,Logistics,471.25,110.43,48,232,Completed,110
F-000705,2025-12-16,ENT-05,Summerlin,Express,531.74,122.22,58,305,Completed,125
F-000706,2025-12-16,ENT-06,Strip Core,Fleet,773.09,225.88,89,440,Completed,190
F-000707,2025-12-16,ENT-07,North Las Vegas,Logistics,432.95,113.66,49,276,Completed,105
F-000708,2025-12-16,ENT-08,Spring Valley,Express,0.0,32.41,0,30,Cancelled,90
F-000709,2025-12-16,ENT-09,Airport Corridor,Fleet,580.53,169.16,64,312,Completed,160
F-000710,2025-12-16,ENT-10,Boulder Highway,Logistics,356.03,117.99,38,190,Completed,100
F-000711,2025-12-17,ENT-01,Zone North 89011,Logistics,476.57,125.43,50,267,Completed,120
F-000712,2025-12-17,ENT-02,Zone West Central,Express,374.32,114.51,42,229,Delayed,95
F-000713,2025-12-17,ENT-03,Downtown Corridor,Fleet,596.03,175.19,65,314,Completed,140
F-000714,2025-12-17,ENT-04,Henderson South,Logistics,496.27,120.5,51,233,Completed,110
F-000715,2025-12-17,ENT-05,Summerlin,Express,603.35,133.76,62,316,Completed,125
F-000716,2025-12-17,ENT-06,Strip Core,Fleet,718.41,219.32,79,388,Completed,190
F-000717,2025-12-17,ENT-07,North Las Vegas,Logistics,413.02,102.85,40,169,Completed,105
F-000718,2025-12-17,ENT-08,Spring Valley,Express,346.96,86.85,35,183,Completed,90
F-000719,2025-12-17,ENT-09,Airport Corridor,Fleet,742.15,165.1,84,416,Completed,160
F-000720,2025-12-17,ENT-10,Boulder Highway,Logistics,392.05,117.35,39,181,Completed,100
F-000721,2025-12-18,ENT-01,Zone North 89011,Logistics,510.01,127.66,50,243,Completed,120
F-000722,2025-12-18,ENT-02,Zone West Central,Express,436.28,93.62,51,257,Completed,95
F-000723,2025-12-18,ENT-03,Downtown Corridor,Fleet,642.1,173.23,61,305,Completed,140
F-000724,2025-12-18,ENT-04,Henderson South,Logistics,533.62,125.81,55,277,Completed,110
F-000725,2025-12-18,ENT-05,Summerlin,Express,524.91,115.09,54,253,Completed,125
F-000726,2025-12-18,ENT-06,Strip Core,Fleet,797.27,219.17,88,414,Completed,190
F-000727,2025-12-18,ENT-07,North Las Vegas,Logistics,493.2,106.9,54,296,Completed,105
F-000728,2025-12-18,ENT-08,Spring Valley,Express,392.69,95.6,42,199,Completed,90
F-000729,2025-12-18,ENT-09,Airport Corridor,Fleet,666.18,172.17,71,353,Completed,160
F-000730,2025-12-18,ENT-10,Boulder Highway,Logistics,379.36,118.36,42,196,Completed,100
F-000731,2025-12-19,ENT-01,Zone North 89011,Logistics,516.6,135.95,51,258,Completed,120
F-000732,2025-12-19,ENT-02,Zone West Central,Express,462.36,97.9,52,240,Completed,95
F-000733,2025-12-19,ENT-03,Downtown Corridor,Fleet,569.97,169.25,58,279,Completed,140
F-000734,2025-12-19,ENT-04,Henderson South,Logistics,493.08,110.99,55,283,Completed,110
F-000735,2025-12-19,ENT-05,Summerlin,Express,558.53,116.94,59,279,Completed,125
F-000736,2025-12-19,ENT-06,Strip Core,Fleet,835.25,228.87,91,480,Completed,190
F-000737,2025-12-19,ENT-07,North Las Vegas,Logistics,441.26,106.25,51,262,Completed,105
F-000738,2025-12-19,ENT-08,Spring Valley,Express,445.0,93.96,44,191,Completed,90
F-000739,2025-12-19,ENT-09,Airport Corridor,Fleet,673.3,159.96,79,394,Completed,160
F-000740,2025-12-19,ENT-10,Boulder Highway,Logistics,333.18,126.97,37,178,Completed,100
F-000741,2025-12-20,ENT-01,Zone North 89011,Logistics,498.88,134.0,52,245,Delayed,120
F-000742,2025-12-20,ENT-02,Zone West Central,Express,491.34,104.5,56,270,Completed,95
F-000743,2025-12-20,ENT-03,Downtown Corridor,Fleet,511.03,186.51,58,307,Completed,140
F-000744,2025-12-20,ENT-04,Henderson South,Logistics,516.97,116.97,56,248,Completed,110
F-000745,2025-12-20,ENT-05,Summerlin,Express,689.08,124.92,67,359,Completed,125
F-000746,2025-12-20,ENT-06,Strip Core,Fleet,975.92,202.22,112,521,Completed,190
F-000747,2025-12-20,ENT-07,North Las Vegas,Logistics,490.52,105.61,49,249,Completed,105
F-000748,2025-12-20,ENT-08,Spring Valley,Express,498.94,88.0,53,267,Completed,90
F-000749,2025-12-20,ENT-09,Airport Corridor,Fleet,610.88,186.21,69,336,Completed,160
F-000750,2025-12-20,ENT-10,Boulder Highway,Logistics,345.25,126.7,40,166,Completed,100
F-000751,2025-12-21,ENT-01,Zone North 89011,Logistics,553.62,128.96,65,327,Completed,120
F-000752,2025-12-21,ENT-02,Zone West Central,Express,530.45,107.04,59,308,Completed,95
F-000753,2025-12-21,ENT-03,Downtown Corridor,Fleet,494.26,169.37,52,244,Completed,140
F-000754,2025-12-21,ENT-04,Henderson South,Logistics,498.37,110.98,52,257,Completed,110
F-000755,2025-12-21,ENT-05,Summerlin,Express,690.87,118.92,78,402,Completed,125
F-000756,2025-12-21,ENT-06,Strip Core,Fleet,1056.31,224.28,107,499,Completed,190
F-000757,2025-12-21,ENT-07,North Las Vegas,Logistics,399.01,113.44,39,161,Completed,105
F-000758,2025-12-21,ENT-08,Spring Valley,Express,451.87,98.32,47,262,Completed,90
F-000759,2025-12-21,ENT-09,Airport Corridor,Fleet,590.8,175.96,58,284,Completed,160
F-000760,2025-12-21,ENT-10,Boulder Highway,Logistics,334.58,124.59,38,224,Delayed,100
F-000761,2025-12-22,ENT-01,Zone North 89011,Logistics,486.48,122.47,54,284,Completed,120
F-000762,2025-12-22,ENT-02,Zone West Central,Express,459.22,93.46,50,251,Completed,95
F-000763,2025-12-22,ENT-03,Downtown Corridor,Fleet,563.3,161.35,64,311,Completed,140
F-000764,2025-12-22,ENT-04,Henderson South,Logistics,511.72,122.84,56,302,Completed,110
F-000765,2025-12-22,ENT-05,Summerlin,Express,544.12,128.57,58,288,Completed,125
F-000766,2025-12-22,ENT-06,Strip Core,Fleet,690.19,219.51,77,433,Completed,190
F-000767,2025-12-22,ENT-07,North Las Vegas,Logistics,397.74,109.03,38,155,Completed,105
F-000768,2025-12-22,ENT-08,Spring Valley,Express,378.62,88.39,37,180,Completed,90
F-000769,2025-12-22,ENT-09,Airport Corridor,Fleet,701.9,156.89,73,375,Completed,160
F-000770,2025-12-22,ENT-10,Boulder Highway,Logistics,361.34,125.49,39,200,Completed,100
F-000771,2025-12-23,ENT-01,Zone North 89011,Logistics,520.68,136.88,56,297,Completed,120
F-000772,2025-12-23,ENT-02,Zone West Central,Express,357.79,96.75,36,175,Completed,95
F-000773,2025-12-23,ENT-03,Downtown Corridor,Fleet,670.59,172.72,67,343,Completed,140
F-000774,2025-12-23,ENT-04,Henderson South,Logistics,498.51,116.21,53,270,Completed,110
F-000775,2025-12-23,ENT-05,Summerlin,Express,586.08,118.44,60,279,Completed,125
F-000776,2025-12-23,ENT-06,Strip Core,Fleet,681.14,213.34,77,388,Completed,190
F-000777,2025-12-23,ENT-07,North Las Vegas,Logistics,432.69,108.98,47,221,Completed,105
F-000778,2025-12-23,ENT-08,Spring Valley,Express,368.85,90.63,42,206,Completed,90
F-000779,2025-12-23,ENT-09,Airport Corridor,Fleet,651.22,169.62,75,376,Completed,160
F-000780,2025-12-23,ENT-10,Boulder Highway,Logistics,353.7,125.05,36,183,Completed,100
F-000781,2025-12-24,ENT-01,Zone North 89011,Logistics,462.93,115.4,54,270,Completed,120
F-000782,2025-12-24,ENT-02,Zone West Central,Express,477.04,103.07,52,262,Completed,95
F-000783,2025-12-24,ENT-03,Downtown Corridor,Fleet,606.37,179.4,58,308,Completed,140
F-000784,2025-12-24,ENT-04,Henderson South,Logistics,489.71,116.66,55,272,Completed,110
F-000785,2025-12-24,ENT-05,Summerlin,Express,568.43,107.94,66,375,Completed,125
F-000786,2025-12-24,ENT-06,Strip Core,Fleet,685.62,215.54,79,390,Completed,190
F-000787,2025-12-24,ENT-07,North Las Vegas,Logistics,454.16,107.58,51,255,Completed,105
F-000788,2025-12-24,ENT-08,Spring Valley,Express,425.54,89.49,50,247,Completed,90
F-000789,2025-12-24,ENT-09,Airport Corridor,Fleet,658.49,168.43,73,379,Completed,160
F-000790,2025-12-24,ENT-10,Boulder Highway,Logistics,362.67,118.49,40,210,Completed,100
F-000791,2025-12-25,ENT-01,Zone North 89011,Logistics,281.47,110.96,28,145,Completed,120
F-000792,2025-12-25,ENT-02,Zone West Central,Express,265.4,98.43,26,130,Completed,95
F-000793,2025-12-25,ENT-03,Downtown Corridor,Fleet,382.92,192.53,37,171,Completed,140
F-000794,2025-12-25,ENT-04,Henderson South,Logistics,324.52,111.92,35,181,Completed,110
F-000795,2025-12-25,ENT-05,Summerlin,Express,292.1,130.34,31,145,Delayed,125
F-000796,2025-12-25,ENT-06,Strip Core,Fleet,391.5,232.91,41,184,Completed,190
F-000797,2025-12-25,ENT-07,North Las Vegas,Logistics,284.11,118.13,33,178,Completed,105
F-000798,2025-12-25,ENT-08,Spring Valley,Express,227.62,87.14,26,134,Completed,90
F-000799,2025-12-25,ENT-09,Airport Corridor,Fleet,424.29,166.14,48,205,Completed,160
F-000800,2025-12-25,ENT-10,Boulder Highway,Logistics,213.45,123.01,22,96,Completed,100
F-000801,2025-12-26,ENT-01,Zone North 89011,Logistics,625.14,122.93,60,314,Completed,120
F-000802,2025-12-26,ENT-02,Zone West Central,Express,448.77,98.57,44,226,Completed,95
F-000803,2025-12-26,ENT-03,Downtown Corridor,Fleet,625.65,158.54,67,355,Completed,140
F-000804,2025-12-26,ENT-04,Henderson South,Logistics,458.9,120.46,53,248,Completed,110
F-000805,2025-12-26,ENT-05,Summerlin,Express,569.36,112.25,59,284,Completed,125
F-000806,2025-12-26,ENT-06,Strip Core,Fleet,828.58,202.21,87,456,Completed,190
F-000807,2025-12-26,ENT-07,North Las Vegas,Logistics,423.19,100.95,45,213,Completed,105
F-000808,2025-12-26,ENT-08,Spring Valley,Express,397.51,89.97,43,221,Completed,90
F-000809,2025-12-26,ENT-09,Airport Corridor,Fleet,756.77,169.82,73,403,Completed,160
F-000810,2025-12-26,ENT-10,Boulder Highway,Logistics,344.07,115.46,37,183,Completed,100
F-000811,2025-12-27,ENT-01,Zone North 89011,Logistics,560.62,116.27,58,289,Completed,120
F-000812,2025-12-27,ENT-02,Zone West Central,Express,485.49,103.03,52,259,Completed,95
F-000813,2025-12-27,ENT-03,Downtown Corridor,Fleet,657.42,190.25,71,355,Completed,140
F-000814,2025-12-27,ENT-04,Henderson South,Logistics,499.77,113.92,54,259,Completed,110
F-000815,2025-12-27,ENT-05,Summerlin,Express,705.88,115.12,73,332,Completed,125
F-000816,2025-12-27,ENT-06,Strip Core,Fleet,993.25,221.49,114,584,Completed,190
F-000817,2025-12-27,ENT-07,North Las Vegas,Logistics,480.45,103.22,52,265,Completed,105
F-000818,2025-12-27,ENT-08,Spring Valley,Express,491.91,89.05,55,276,Completed,90
F-000819,2025-12-27,ENT-09,Airport Corridor,Fleet,709.53,161.02,81,369,Completed,160
F-000820,2025-12-27,ENT-10,Boulder Highway,Logistics,378.39,112.1,40,213,Completed,100
F-000821,2025-12-28,ENT-01,Zone North 89011,Logistics,532.88,128.51,52,259,Completed,120
F-000822,2025-12-28,ENT-02,Zone West Central,Express,493.77,98.31,53,251,Completed,95
F-000823,2025-12-28,ENT-03,Downtown Corridor,Fleet,529.11,169.1,61,292,Completed,140
F-000824,2025-12-28,ENT-04,Henderson South,Logistics,572.91,115.28,60,290,Completed,110
F-000825,2025-12-28,ENT-05,Summerlin,Express,707.44,118.71,75,384,Completed,125
F-000826,2025-12-28,ENT-06,Strip Core,Fleet,1050.01,215.26,109,588,Completed,190
F-000827,2025-12-28,ENT-07,North Las Vegas,Logistics,449.99,108.11,52,263,Completed,105
F-000828,2025-12-28,ENT-08,Spring Valley,Express,389.41,86.27,42,225,Completed,90
F-000829,2025-12-28,ENT-09,Airport Corridor,Fleet,601.41,158.67,62,330,Completed,160
F-000830,2025-12-28,ENT-10,Boulder Highway,Logistics,399.01,104.52,44,202,Completed,100
F-000831,2025-12-29,ENT-01,Zone North 89011,Logistics,502.54,125.43,52,264,Completed,120
F-000832,2025-12-29,ENT-02,Zone West Central,Express,448.83,94.79,45,244,Completed,95
F-000833,2025-12-29,ENT-03,Downtown Corridor,Fleet,678.1,191.96,65,314,Completed,140
F-000834,2025-12-29,ENT-04,Henderson South,Logistics,407.93,121.12,45,225,Completed,110
F-000835,2025-12-29,ENT-05,Summerlin,Express,607.28,122.14,63,307,Completed,125
F-000836,2025-12-29,ENT-06,Strip Core,Fleet,688.91,222.27,66,319,Completed,190
F-000837,2025-12-29,ENT-07,North Las Vegas,Logistics,479.32,108.37,47,259,Completed,105
F-000838,2025-12-29,ENT-08,Spring Valley,Express,390.19,86.44,46,232,Completed,90
F-000839,2025-12-29,ENT-09,Airport Corridor,Fleet,649.15,188.94,68,349,Completed,160
F-000840,2025-12-29,ENT-10,Boulder Highway,Logistics,371.58,112.85,43,220,Completed,100
F-000841,2025-12-30,ENT-01,Zone North 89011,Logistics,495.76,129.42,48,243,Completed,120
F-000842,2025-12-30,ENT-02,Zone West Central,Express,381.2,87.41,42,201,Completed,95
F-000843,2025-12-30,ENT-03,Downtown Corridor,Fleet,546.94,190.06,60,305,Completed,140
F-000844,2025-12-30,ENT-04,Henderson South,Logistics,538.11,118.19,52,272,Completed,110
F-000845,2025-12-30,ENT-05,Summerlin,Express,601.25,121.24,57,299,Completed,125
F-000846,2025-12-30,ENT-06,Strip Core,Fleet,675.55,201.44,68,361,Completed,190
F-000847,2025-12-30,ENT-07,North Las Vegas,Logistics,428.18,108.53,45,187,Completed,105
F-000848,2025-12-30,ENT-08,Spring Valley,Express,413.34,90.89,41,224,Completed,90
F-000849,2025-12-30,ENT-09,Airport Corridor,Fleet,717.51,165.4,76,390,Completed,160
F-000850,2025-12-30,ENT-10,Boulder Highway,Logistics,432.42,118.13,49,245,Completed,100
F-000851,2025-12-31,ENT-01,Zone North 89011,Logistics,556.48,107.83,63,308,Completed,120
F-000852,2025-12-31,ENT-02,Zone West Central,Express,381.91,104.91,39,198,Delayed,95
F-000853,2025-12-31,ENT-03,Downtown Corridor,Fleet,664.08,187.21,70,353,Completed,140
F-000854,2025-12-31,ENT-04,Henderson South,Logistics,541.33,109.9,61,318,Completed,110
F-000855,2025-12-31,ENT-05,Summerlin,Express,544.87,129.57,62,315,Completed,125
F-000856,2025-12-31,ENT-06,Strip Core,Fleet,748.09,206.05,82,386,Completed,190
F-000857,2025-12-31,ENT-07,North Las Vegas,Logistics,423.79,102.01,49,243,Completed,105
F-000858,2025-12-31,ENT-08,Spring Valley,Express,419.37,94.1,48,233,Completed,90
F-000859,2025-12-31,ENT-09,Airport Corridor,Fleet,638.16,174.06,66,343,Completed,160
F-000860,2025-12-31,ENT-10,Boulder Highway,Logistics,331.16,114.06,34,191,Completed,100
F-000861,2026-01-01,ENT-01,Zone North 89011,Logistics,349.38,121.51,40,222,Completed,120
F-000862,2026-01-01,ENT-02,Zone West Central,Express,236.08,87.5,25,125,Completed,95
F-000863,2026-01-01,ENT-03,Downtown Corridor,Fleet,379.85,202.17,37,176,Completed,140
F-000864,2026-01-01,ENT-04,Henderson South,Logistics,262.86,118.94,31,130,Completed,110
F-000865,2026-01-01,ENT-05,Summerlin,Express,321.39,128.96,32,167,Completed,125
F-000866,2026-01-01,ENT-06,Strip Core,Fleet,456.14,224.29,47,226,Completed,190
F-000867,2026-01-01,ENT-07,North Las Vegas,Logistics,238.6,105.72,24,133,Completed,105
F-000868,2026-01-01,ENT-08,Spring Valley,Express,231.45,84.6,23,132,Completed,90
F-000869,2026-01-01,ENT-09,Airport Corridor,Fleet,410.41,158.67,42,210,Completed,160
F-000870,2026-01-01,ENT-10,Boulder Highway,Logistics,212.35,109.58,22,117,Completed,100
F-000871,2026-01-02,ENT-01,Zone North 89011,Logistics,560.33,140.14,64,338,Completed,120
F-000872,2026-01-02,ENT-02,Zone West Central,Express,379.63,87.46,37,197,Completed,95
F-000873,2026-01-02,ENT-03,Downtown Corridor,Fleet,674.84,172.1,77,352,Completed,140
F-000874,2026-01-02,ENT-04,Henderson South,Logistics,486.1,111.46,53,264,Completed,110
F-000875,2026-01-02,ENT-05,Summerlin,Express,538.88,131.08,58,309,Delayed,125
F-000876,2026-01-02,ENT-06,Strip Core,Fleet,761.91,252.58,87,422,Completed,190
F-000877,2026-01-02,ENT-07,North Las Vegas,Logistics,402.35,113.0,41,200,Completed,105
F-000878,2026-01-02,ENT-08,Spring Valley,Express,438.98,92.58,47,222,Completed,90
F-000879,2026-01-02,ENT-09,Airport Corridor,Fleet,629.79,177.99,64,323,Completed,160
F-000880,2026-01-02,ENT-10,Boulder Highway,Logistics,397.35,131.3,38,185,Completed,100
F-000881,2026-01-03,ENT-01,Zone North 89011,Logistics,577.57,125.72,58,256,Completed,120
F-000882,2026-01-03,ENT-02,Zone West Central,Express,562.98,103.03,60,323,Completed,95
F-000883,2026-01-03,ENT-03,Downtown Corridor,Fleet,489.76,173.96,51,246,Completed,140
F-000884,2026-01-03,ENT-04,Henderson South,Logistics,530.62,119.21,52,264,Completed,110
F-000885,2026-01-03,ENT-05,Summerlin,Express,623.26,122.34,67,344,Completed,125
F-000886,2026-01-03,ENT-06,Strip Core,Fleet,948.29,226.05,108,569,Completed,190
F-000887,2026-01-03,ENT-07,North Las Vegas,Logistics,530.84,105.18,56,265,Completed,105
F-000888,2026-01-03,ENT-08,Spring Valley,Express,395.82,89.33,46,238,Delayed,90
F-000889,2026-01-03,ENT-09,Airport Corridor,Fleet,648.51,162.75,71,357,Completed,160
F-000890,2026-01-03,ENT-10,Boulder Highway,Logistics,377.35,107.73,36,192,Completed,100
F-000891,2026-01-04,ENT-01,Zone North 89011,Logistics,563.18,125.53,56,286,Completed,120
F-000892,2026-01-04,ENT-02,Zone West Central,Express,508.96,92.48,49,258,Completed,95
F-000893,2026-01-04,ENT-03,Downtown Corridor,Fleet,500.44,174.67,53,279,Completed,140
F-000894,2026-01-04,ENT-04,Henderson South,Logistics,540.58,112.87,62,317,Completed,110
F-000895,2026-01-04,ENT-05,Summerlin,Express,653.28,120.14,65,308,Completed,125
F-000896,2026-01-04,ENT-06,Strip Core,Fleet,912.69,222.71,105,472,Completed,190
F-000897,2026-01-04,ENT-07,North Las Vegas,Logistics,450.64,105.59,43,225,Completed,105
F-000898,2026-01-04,ENT-08,Spring Valley,Express,488.47,87.56,53,265,Completed,90
F-000899,2026-01-04,ENT-09,Airport Corridor,Fleet,636.49,166.16,68,329,Completed,160
F-000900,2026-01-04,ENT-10,Boulder Highway,Logistics,321.04,112.31,34,158,Completed,100
F-000901,2026-01-05,ENT-01,Zone North 89011,Logistics,519.2,122.78,55,301,Completed,120
F-000902,2026-01-05,ENT-02,Zone West Central,Express,399.99,108.38,38,195,Completed,95
F-000903,2026-01-05,ENT-03,Downtown Corridor,Fleet,702.85,170.4,78,358,Completed,140
F-000904,2026-01-05,ENT-04,Henderson South,Logistics,461.76,117.2,48,209,Completed,110
F-000905,2026-01-05,ENT-05,Summerlin,Express,530.11,132.04,55,284,Completed,125
F-000906,2026-01-05,ENT-06,Strip Core,Fleet,733.35,219.84,82,399,Completed,190
F-000907,2026-01-05,ENT-07,North Las Vegas,Logistics,435.11,108.42,42,230,Completed,105
F-000908,2026-01-05,ENT-08,Spring Valley,Express,325.33,84.5,32,136,Completed,90
F-000909,2026-01-05,ENT-09,Airport Corridor,Fleet,605.55,152.93,58,305,Completed,160
F-000910,2026-01-05,ENT-10,Boulder Highway,Logistics,349.32,102.75,34,170,Completed,100
F-000911,2026-01-06,ENT-01,Zone North 89011,Logistics,435.14,130.73,48,246,Completed,120
F-000912,2026-01-06,ENT-02,Zone West Central,Express,437.61,92.11,42,209,Completed,95
F-000913,2026-01-06,ENT-03,Downtown Corridor,Fleet,564.45,185.6,58,268,Completed,140
F-000914,2026-01-06,ENT-04,Henderson South,Logistics,495.5,116.11,48,240,Completed,110
F-000915,2026-01-06,ENT-05,Summerlin,Express,580.55,124.19,64,323,Completed,125
F-000916,2026-01-06,ENT-06,Strip Core,Fleet,721.21,195.87,80,391,Completed,190
F-000917,2026-01-06,ENT-07,North Las Vegas,Logistics,469.97,102.37,45,203,Completed,105
F-000918,2026-01-06,ENT-08,Spring Valley,Express,415.0,91.82,49,242,Completed,90
F-000919,2026-01-06,ENT-09,Airport Corridor,Fleet,694.95,160.57,67,322,Completed,160
F-000920,2026-01-06,ENT-10,Boulder Highway,Logistics,343.5,107.01,36,171,Completed,100
F-000921,2026-01-07,ENT-01,Zone North 89011,Logistics,555.17,127.62,57,282,Completed,120
F-000922,2026-01-07,ENT-02,Zone West Central,Express,420.07,99.18,43,227,Completed,95
F-000923,2026-01-07,ENT-03,Downtown Corridor,Fleet,678.48,188.83,77,363,Completed,140
F-000924,2026-01-07,ENT-04,Henderson South,Logistics,442.47,113.06,49,247,Completed,110
F-000925,2026-01-07,ENT-05,Summerlin,Express,0.0,40.44,0,30,Cancelled,125
F-000926,2026-01-07,ENT-06,Strip Core,Fleet,777.88,221.19,79,394,Completed,190
F-000927,2026-01-07,ENT-07,North Las Vegas,Logistics,401.95,95.35,42,231,Completed,105
F-000928,2026-01-07,ENT-08,Spring Valley,Express,395.5,86.54,46,226,Completed,90
F-000929,2026-01-07,ENT-09,Airport Corridor,Fleet,692.18,175.94,76,391,Completed,160
F-000930,2026-01-07,ENT-10,Boulder Highway,Logistics,375.85,108.1,40,198,Completed,100
F-000931,2026-01-08,ENT-01,Zone North 89011,Logistics,529.02,136.83,52,275,Completed,120
F-000932,2026-01-08,ENT-02,Zone West Central,Express,385.97,103.43,38,197,Completed,95
F-000933,2026-01-08,ENT-03,Downtown Corridor,Fleet,624.32,166.52,71,319,Completed,140
F-000934,2026-01-08,ENT-04,Henderson South,Logistics,525.77,108.53,61,281,Completed,110
F-000935,2026-01-08,ENT-05,Summerlin,Express,602.72,114.21,71,362,Completed,125
F-000936,2026-01-08,ENT-06,Strip Core,Fleet,743.56,230.85,80,429,Completed,190
F-000937,2026-01-08,ENT-07,North Las Vegas,Logistics,440.39,97.36,45,202,Completed,105
F-000938,2026-01-08,ENT-08,Spring Valley,Express,430.45,88.86,45,239,Completed,90
F-000939,2026-01-08,ENT-09,Airport Corridor,Fleet,604.64,158.46,71,351,Completed,160
F-000940,2026-01-08,ENT-10,Boulder Highway,Logistics,395.59,124.8,41,202,Completed,100
F-000941,2026-01-09,ENT-01,Zone North 89011,Logistics,523.2,112.86,59,297,Completed,120
F-000942,2026-01-09,ENT-02,Zone West Central,Express,332.69,92.44,39,201,Completed,95
F-000943,2026-01-09,ENT-03,Downtown Corridor,Fleet,607.04,192.37,60,331,Completed,140
F-000944,2026-01-09,ENT-04,Henderson South,Logistics,512.35,119.42,54,250,Completed,110
F-000945,2026-01-09,ENT-05,Summerlin,Express,624.37,115.3,68,319,Completed,125
F-000946,2026-01-09,ENT-06,Strip Core,Fleet,695.06,217.07,70,360,Completed,190
F-000947,2026-01-09,ENT-07,North Las Vegas,Logistics,415.66,110.34,44,251,Completed,105
F-000948,2026-01-09,ENT-08,Spring Valley,Express,448.55,84.89,45,233,Completed,90
F-000949,2026-01-09,ENT-09,Airport Corridor,Fleet,705.76,170.29,71,345,Completed,160
F-000950,2026-01-09,ENT-10,Boulder Highway,Logistics,415.03,114.98,40,205,Completed,100
F-000951,2026-01-10,ENT-01,Zone North 89011,Logistics,583.13,113.42,66,358,Completed,120
F-000952,2026-01-10,ENT-02,Zone West Central,Express,0.0,35.05,0,30,Cancelled,95
F-000953,2026-01-10,ENT-03,Downtown Corridor,Fleet,543.67,173.56,55,256,Completed,140
F-000954,2026-01-10,ENT-04,Henderson South,Logistics,568.19,122.82,59,262,Completed,110
F-000955,2026-01-10,ENT-05,Summerlin,Express,696.12,122.25,69,306,Completed,125
F-000956,2026-01-10,ENT-06,Strip Core,Fleet,984.64,222.14,110,534,Completed,190
F-000957,2026-01-10,ENT-07,North Las Vegas,Logistics,440.28,118.77,50,239,Delayed,105
F-000958,2026-01-10,ENT-08,Spring Valley,Express,438.1,85.46,43,225,Completed,90
F-000959,2026-01-10,ENT-09,Airport Corridor,Fleet,692.3,173.1,68,338,Completed,160
F-000960,2026-01-10,ENT-10,Boulder Highway,Logistics,343.59,109.35,40,216,Completed,100
F-000961,2026-01-11,ENT-01,Zone North 89011,Logistics,561.58,125.35,62,312,Completed,120
F-000962,2026-01-11,ENT-02,Zone West Central,Express,496.48,96.56,50,227,Completed,95
F-000963,2026-01-11,ENT-03,Downtown Corridor,Fleet,585.53,175.61,67,319,Completed,140
F-000964,2026-01-11,ENT-04,Henderson South,Logistics,492.94,119.62,50,252,Completed,110
F-000965,2026-01-11,ENT-05,Summerlin,Express,720.83,121.89,76,380,Completed,125
F-000966,2026-01-11,ENT-06,Strip Core,Fleet,904.91,220.38,98,491,Completed,190
F-000967,2026-01-11,ENT-07,North Las Vegas,Logistics,421.44,102.48,46,223,Completed,105
F-000968,2026-01-11,ENT-08,Spring Valley,Express,447.75,88.01,49,232,Completed,90
F-000969,2026-01-11,ENT-09,Airport Corridor,Fleet,674.95,147.8,65,313,Completed,160
F-000970,2026-01-11,ENT-10,Boulder Highway,Logistics,350.74,132.63,34,172,Completed,100
F-000971,2026-01-12,ENT-01,Zone North 89011,Logistics,505.64,135.02,49,239,Completed,120
F-000972,2026-01-12,ENT-02,Zone West Central,Express,393.06,103.08,43,210,Completed,95
F-000973,2026-01-12,ENT-03,Downtown Corridor,Fleet,593.92,173.99,58,294,Completed,140
F-000974,2026-01-12,ENT-04,Henderson South,Logistics,476.87,110.22,52,270,Completed,110
F-000975,2026-01-12,ENT-05,Summerlin,Express,539.01,109.2,59,279,Completed,125
F-000976,2026-01-12,ENT-06,Strip Core,Fleet,636.88,235.55,63,306,Delayed,190
F-000977,2026-01-12,ENT-07,North Las Vegas,Logistics,410.34,112.84,40,200,Completed,105
F-000978,2026-01-12,ENT-08,Spring Valley,Express,474.5,94.47,54,243,Completed,90
F-000979,2026-01-12,ENT-09,Airport Corridor,Fleet,716.06,173.7,79,372,Completed,160
F-000980,2026-01-12,ENT-10,Boulder Highway,Logistics,368.49,116.58,38,190,Completed,100
F-000981,2026-01-13,ENT-01,Zone North 89011,Logistics,486.58,139.55,51,230,Completed,120
F-000982,2026-01-13,ENT-02,Zone West Central,Express,378.44,116.0,41,212,Delayed,95
F-000983,2026-01-13,ENT-03,Downtown Corridor,Fleet,521.04,200.86,50,262,Delayed,140
F-000984,2026-01-13,ENT-04,Henderson South,Logistics,536.34,121.88,54,280,Completed,110
F-000985,2026-01-13,ENT-05,Summerlin,Express,604.57,129.7,65,338,Completed,125
F-000986,2026-01-13,ENT-06,Strip Core,Fleet,751.98,232.48,84,455,Completed,190
F-000987,2026-01-13,ENT-07,North Las Vegas,Logistics,432.28,108.54,46,249,Completed,105
F-000988,2026-01-13,ENT-08,Spring Valley,Express,411.89,91.68,40,223,Completed,90
F-000989,2026-01-13,ENT-09,Airport Corridor,Fleet,651.48,175.89,71,345,Completed,160
F-000990,2026-01-13,ENT-10,Boulder Highway,Logistics,398.64,133.7,40,195,Completed,100
F-000991,2026-01-14,ENT-01,Zone North 89011,Logistics,590.77,123.11,58,289,Completed,120
F-000992,2026-01-14,ENT-02,Zone West Central,Express,445.46,100.94,50,261,Completed,95
F-000993,2026-01-14,ENT-03,Downtown Corridor,Fleet,717.6,157.54,69,370,Completed,140
F-000994,2026-01-14,ENT-04,Henderson South,Logistics,517.14,121.81,52,264,Completed,110
F-000995,2026-01-14,ENT-05,Summerlin,Express,586.96,126.15,61,293,Completed,125
F-000996,2026-01-14,ENT-06,Strip Core,Fleet,643.37,209.62,75,360,Completed,190
F-000997,2026-01-14,ENT-07,North Las Vegas,Logistics,426.81,123.23,45,240,Completed,105
F-000998,2026-01-14,ENT-08,Spring Valley,Express,372.04,81.83,43,208,Completed,90
F-000999,2026-01-14,ENT-09,Airport Corridor,Fleet,691.16,171.31,72,375,Completed,160
F-001000,2026-01-14,ENT-10,Boulder Highway,Logistics,340.97,108.39,36,185,Completed,100
F-001001,2026-01-15,ENT-01,Zone North 89011,Logistics,530.37,120.09,58,312,Completed,120
F-001002,2026-01-15,ENT-02,Zone West Central,Express,428.03,95.19,46,235,Completed,95
F-001003,2026-01-15,ENT-03,Downtown Corridor,Fleet,505.43,176.45,50,254,Completed,140
F-001004,2026-01-15,ENT-04,Henderson South,Logistics,532.92,102.1,54,255,Completed,110
F-001005,2026-01-15,ENT-05,Summerlin,Express,540.75,112.26,56,309,Completed,125
F-001006,2026-01-15,ENT-06,Strip Core,Fleet,749.56,204.76,73,352,Completed,190
F-001007,2026-01-15,ENT-07,North Las Vegas,Logistics,447.69,110.97,43,226,Completed,105
F-001008,2026-01-15,ENT-08,Spring Valley,Express,359.08,83.38,41,201,Completed,90
F-001009,2026-01-15,ENT-09,Airport Corridor,Fleet,759.5,180.25,80,374,Completed,160
F-001010,2026-01-15,ENT-10,Boulder Highway,Logistics,413.55,126.73,45,222,Completed,100
F-001011,2026-01-16,ENT-01,Zone North 89011,Logistics,591.29,126.21,58,274,Completed,120
F-001012,2026-01-16,ENT-02,Zone West Central,Express,430.25,97.65,43,204,Completed,95
F-001013,2026-01-16,ENT-03,Downtown Corridor,Fleet,632.88,163.11,73,378,Completed,140
F-001014,2026-01-16,ENT-04,Henderson South,Logistics,494.81,119.56,50,266,Completed,110
F-001015,2026-01-16,ENT-05,Summerlin,Express,588.96,106.4,57,268,Completed,125
F-001016,2026-01-16,ENT-06,Strip Core,Fleet,688.35,255.87,75,331,Delayed,190
F-001017,2026-01-16,ENT-07,North Las Vegas,Logistics,377.92,107.19,39,181,Completed,105
F-001018,2026-01-16,ENT-08,Spring Valley,Express,390.17,90.81,38,199,Completed,90
F-001019,2026-01-16,ENT-09,Airport Corridor,Fleet,695.8,170.71,73,366,Completed,160
F-001020,2026-01-16,ENT-10,Boulder Highway,Logistics,401.53,102.58,44,227,Completed,100
F-001021,2026-01-17,ENT-01,Zone North 89011,Logistics,575.77,128.97,55,263,Completed,120
F-001022,2026-01-17,ENT-02,Zone West Central,Express,531.09,96.76,62,283,Completed,95
F-001023,2026-01-17,ENT-03,Downtown Corridor,Fleet,552.88,187.11,61,314,Completed,140
F-001024,2026-01-17,ENT-04,Henderson South,Logistics,539.21,112.24,62,350,Completed,110
F-001025,2026-01-17,ENT-05,Summerlin,Express,600.86,124.3,57,295,Completed,125
F-001026,2026-01-17,ENT-06,Strip Core,Fleet,1057.65,212.23,114,574,Completed,190
F-001027,2026-01-17,ENT-07,North Las Vegas,Logistics,447.85,127.58,52,271,Delayed,105
F-001028,2026-01-17,ENT-08,Spring Valley,Express,492.94,92.86,50,241,Completed,90
F-001029,2026-01-17,ENT-09,Airport Corridor,Fleet,622.93,158.27,62,306,Completed,160
F-001030,2026-01-17,ENT-10,Boulder Highway,Logistics,391.95,113.51,43,217,Completed,100
F-001031,2026-01-18,ENT-01,Zone North 89011,Logistics,595.58,127.33,61,290,Completed,120
F-001032,2026-01-18,ENT-02,Zone West Central,Express,236.23,274.48,25,136,Delayed,95
F-001033,2026-01-18,ENT-03,Downtown Corridor,Fleet,561.08,193.65,65,340,Completed,140
F-001034,2026-01-18,ENT-04,Henderson South,Logistics,447.6,118.74,50,261,Completed,110
F-001035,2026-01-18,ENT-05,Summerlin,Express,653.46,127.03,76,386,Delayed,125
F-001036,2026-01-18,ENT-06,Strip Core,Fleet,964.72,210.26,113,581,Completed,190
F-001037,2026-01-18,ENT-07,North Las Vegas,Logistics,453.13,103.04,48,223,Completed,105
F-001038,2026-01-18,ENT-08,Spring Valley,Express,411.01,96.37,42,224,Completed,90
F-001039,2026-01-18,ENT-09,Airport Corridor,Fleet,539.35,174.57,58,306,Completed,160
F-001040,2026-01-18,ENT-10,Boulder Highway,Logistics,364.72,107.45,43,226,Completed,100
F-001041,2026-01-19,ENT-01,Zone North 89011,Logistics,537.05,117.92,63,332,Completed,120
F-001042,2026-01-19,ENT-02,Zone West Central,Express,426.3,93.03,43,216,Completed,95
F-001043,2026-01-19,ENT-03,Downtown Corridor,Fleet,580.82,169.56,67,323,Completed,140
F-001044,2026-01-19,ENT-04,Henderson South,Logistics,503.21,112.16,52,289,Completed,110
F-001045,2026-01-19,ENT-05,Summerlin,Express,561.54,133.93,54,253,Completed,125
F-001046,2026-01-19,ENT-06,Strip Core,Fleet,794.08,217.36,87,430,Completed,190
F-001047,2026-01-19,ENT-07,North Las Vegas,Logistics,437.36,101.43,47,209,Completed,105
F-001048,2026-01-19,ENT-08,Spring Valley,Express,394.2,92.51,43,177,Completed,90
F-001049,2026-01-19,ENT-09,Airport Corridor,Fleet,726.81,171.29,73,344,Completed,160
F-001050,2026-01-19,ENT-10,Boulder Highway,Logistics,361.31,117.96,38,185,Completed,100
F-001051,2026-01-20,ENT-01,Zone North 89011,Logistics,534.31,113.47,53,254,Completed,120
F-001052,2026-01-20,ENT-02,Zone West Central,Express,408.35,89.5,41,204,Completed,95
F-001053,2026-01-20,ENT-03,Downtown Corridor,Fleet,697.66,183.25,72,363,Completed,140
F-001054,2026-01-20,ENT-04,Henderson South,Logistics,481.19,99.73,49,261,Completed,110
F-001055,2026-01-20,ENT-05,Summerlin,Express,515.24,126.5,54,268,Completed,125
F-001056,2026-01-20,ENT-06,Strip Core,Fleet,772.17,210.94,85,438,Completed,190
F-001057,2026-01-20,ENT-07,North Las Vegas,Logistics,456.1,108.98,45,230,Completed,105
F-001058,2026-01-20,ENT-08,Spring Valley,Express,435.77,87.92,48,256,Completed,90
F-001059,2026-01-20,ENT-09,Airport Corridor,Fleet,605.32,174.5,62,291,Completed,160
F-001060,2026-01-20,ENT-10,Boulder Highway,Logistics,386.05,118.68,44,254,Completed,100
F-001061,2026-01-21,ENT-01,Zone North 89011,Logistics,563.99,121.89,55,237,Completed,120
F-001062,2026-01-21,ENT-02,Zone West Central,Express,374.32,100.89,38,170,Completed,95
F-001063,2026-01-21,ENT-03,Downtown Corridor,Fleet,695.67,175.18,80,428,Completed,140
F-001064,2026-01-21,ENT-04,Henderson South,Logistics,429.32,136.2,48,229,Delayed,110
F-001065,2026-01-21,ENT-05,Summerlin,Express,570.96,126.41,62,299,Completed,125
F-001066,2026-01-21,ENT-06,Strip Core,Fleet,808.31,216.47,91,502,Completed,190
F-001067,2026-01-21,ENT-07,North Las Vegas,Logistics,409.94,109.12,43,221,Completed,105
F-001068,2026-01-21,ENT-08,Spring Valley,Express,346.13,91.15,34,190,Delayed,90
F-001069,2026-01-21,ENT-09,Airport Corridor,Fleet,617.08,183.96,72,369,Completed,160
F-001070,2026-01-21,ENT-10,Boulder Highway,Logistics,337.29,110.45,33,134,Completed,100
F-001071,2026-01-22,ENT-01,Zone North 89011,Logistics,435.56,133.94,47,264,Delayed,120
F-001072,2026-01-22,ENT-02,Zone West Central,Express,460.28,99.7,50,260,Completed,95
F-001073,2026-01-22,ENT-03,Downtown Corridor,Fleet,620.41,186.04,69,350,Completed,140
F-001074,2026-01-22,ENT-04,Henderson South,Logistics,440.65,106.05,47,199,Completed,110
F-001075,2026-01-22,ENT-05,Summerlin,Express,563.45,123.73,60,306,Delayed,125
F-001076,2026-01-22,ENT-06,Strip Core,Fleet,665.73,232.41,67,320,Completed,190
F-001077,2026-01-22,ENT-07,North Las Vegas,Logistics,406.61,114.31,41,207,Completed,105
F-001078,2026-01-22,ENT-08,Spring Valley,Express,395.16,85.34,45,208,Completed,90
F-001079,2026-01-22,ENT-09,Airport Corridor,Fleet,640.59,165.15,73,388,Completed,160
F-001080,2026-01-22,ENT-10,Boulder Highway,Logistics,362.05,120.53,36,152,Completed,100
F-001081,2026-01-23,ENT-01,Zone North 89011,Logistics,450.9,125.49,46,244,Completed,120
F-001082,2026-01-23,ENT-02,Zone West Central,Express,393.25,92.99,38,206,Completed,95
F-001083,2026-01-23,ENT-03,Downtown Corridor,Fleet,640.66,207.45,65,359,Completed,140
F-001084,2026-01-23,ENT-04,Henderson South,Logistics,437.69,119.21,47,250,Completed,110
F-001085,2026-01-23,ENT-05,Summerlin,Express,568.33,125.86,55,256,Completed,125
F-001086,2026-01-23,ENT-06,Strip Core,Fleet,683.12,227.77,78,397,Completed,190
F-001087,2026-01-23,ENT-07,North Las Vegas,Logistics,460.22,119.24,51,271,Completed,105
F-001088,2026-01-23,ENT-08,Spring Valley,Express,438.79,75.86,45,199,Completed,90
F-001089,2026-01-23,ENT-09,Airport Corridor,Fleet,647.75,174.76,72,376,Completed,160
F-001090,2026-01-23,ENT-10,Boulder Highway,Logistics,357.06,116.22,41,187,Completed,100
F-001091,2026-01-24,ENT-01,Zone North 89011,Logistics,545.43,113.26,55,285,Completed,120
F-001092,2026-01-24,ENT-02,Zone West Central,Express,536.5,100.98,52,285,Completed,95
F-001093,2026-01-24,ENT-03,Downtown Corridor,Fleet,630.89,170.76,63,292,Completed,140
F-001094,2026-01-24,ENT-04,Henderson South,Logistics,580.17,113.52,56,294,Completed,110
F-001095,2026-01-24,ENT-05,Summerlin,Express,646.56,119.93,62,336,Completed,125
F-001096,2026-01-24,ENT-06,Strip Core,Fleet,1058.81,208.33,123,577,Completed,190
F-001097,2026-01-24,ENT-07,North Las Vegas,Logistics,480.81,98.5,46,234,Completed,105
F-001098,2026-01-24,ENT-08,Spring Valley,Express,417.85,90.47,41,190,Completed,90
F-001099,2026-01-24,ENT-09,Airport Corridor,Fleet,726.56,171.03,71,365,Completed,160
F-001100,2026-01-24,ENT-10,Boulder Highway,Logistics,363.52,122.49,40,214,Completed,100
F-001101,2026-01-25,ENT-01,Zone North 89011,Logistics,432.67,133.33,50,241,Completed,120
F-001102,2026-01-25,ENT-02,Zone West Central,Express,471.94,85.0,54,253,Completed,95
F-001103,2026-01-25,ENT-03,Downtown Corridor,Fleet,546.54,176.3,57,287,Completed,140
F-001104,2026-01-25,ENT-04,Henderson South,Logistics,487.16,99.74,51,236,Completed,110
F-001105,2026-01-25,ENT-05,Summerlin,Express,766.8,128.56,75,339,Completed,125
F-001106,2026-01-25,ENT-06,Strip Core,Fleet,807.0,221.97,79,383,Delayed,190
F-001107,2026-01-25,ENT-07,North Las Vegas,Logistics,492.52,113.25,52,278,Completed,105
F-001108,2026-01-25,ENT-08,Spring Valley,Express,405.6,107.74,44,225,Delayed,90
F-001109,2026-01-25,ENT-09,Airport Corridor,Fleet,627.24,145.9,70,318,Completed,160
F-001110,2026-01-25,ENT-10,Boulder Highway,Logistics,317.12,134.21,34,169,Delayed,100
F-001111,2026-01-26,ENT-01,Zone North 89011,Logistics,565.23,141.21,65,354,Completed,120
F-001112,2026-01-26,ENT-02,Zone West Central,Express,463.9,94.06,53,284,Completed,95
F-001113,2026-01-26,ENT-03,Downtown Corridor,Fleet,539.82,189.52,55,247,Completed,140
F-001114,2026-01-26,ENT-04,Henderson South,Logistics,432.72,107.76,46,231,Completed,110
F-001115,2026-01-26,ENT-05,Summerlin,Express,502.25,128.48,52,254,Completed,125
F-001116,2026-01-26,ENT-06,Strip Core,Fleet,754.04,207.53,76,370,Completed,190
F-001117,2026-01-26,ENT-07,North Las Vegas,Logistics,386.31,107.61,43,224,Completed,105
F-001118,2026-01-26,ENT-08,Spring Valley,Express,374.13,91.87,37,191,Completed,90
F-001119,2026-01-26,ENT-09,Airport Corridor,Fleet,669.03,174.76,78,361,Completed,160
F-001120,2026-01-26,ENT-10,Boulder Highway,Logistics,379.22,114.5,42,183,Completed,100
F-001121,2026-01-27,ENT-01,Zone North 89011,Logistics,498.07,123.83,56,262,Completed,120
F-001122,2026-01-27,ENT-02,Zone West Central,Express,423.39,99.64,45,224,Completed,95
F-001123,2026-01-27,ENT-03,Downtown Corridor,Fleet,534.89,192.95,52,255,Delayed,140
F-001124,2026-01-27,ENT-04,Henderson South,Logistics,558.33,104.63,58,252,Completed,110
F-001125,2026-01-27,ENT-05,Summerlin,Express,591.12,125.77,60,334,Completed,125
F-001126,2026-01-27,ENT-06,Strip Core,Fleet,656.37,217.29,71,366,Delayed,190
F-001127,2026-01-27,ENT-07,North Las Vegas,Logistics,422.71,101.35,48,223,Completed,105
F-001128,2026-01-27,ENT-08,Spring Valley,Express,397.68,100.73,41,206,Completed,90
F-001129,2026-01-27,ENT-09,Airport Corridor,Fleet,604.44,177.36,68,316,Completed,160
F-001130,2026-01-27,ENT-10,Boulder Highway,Logistics,381.0,123.73,38,205,Completed,100
F-001131,2026-01-28,ENT-01,Zone North 89011,Logistics,437.7,126.55,49,250,Completed,120
F-001132,2026-01-28,ENT-02,Zone West Central,Express,405.62,104.31,39,207,Completed,95
F-001133,2026-01-28,ENT-03,Downtown Corridor,Fleet,616.92,166.82,68,323,Completed,140
F-001134,2026-01-28,ENT-04,Henderson South,Logistics,502.53,107.82,53,262,Completed,110
F-001135,2026-01-28,ENT-05,Summerlin,Express,523.46,121.39,61,312,Completed,125
F-001136,2026-01-28,ENT-06,Strip Core,Fleet,780.48,184.89,79,366,Completed,190
F-001137,2026-01-28,ENT-07,North Las Vegas,Logistics,430.26,111.46,48,238,Completed,105
F-001138,2026-01-28,ENT-08,Spring Valley,Express,378.64,81.87,43,194,Completed,90
F-001139,2026-01-28,ENT-09,Airport Corridor,Fleet,641.36,146.35,65,343,Completed,160
F-001140,2026-01-28,ENT-10,Boulder Highway,Logistics,322.06,125.06,32,150,Completed,100
F-001141,2026-01-29,ENT-01,Zone North 89011,Logistics,537.86,127.53,62,316,Completed,120
F-001142,2026-01-29,ENT-02,Zone West Central,Express,413.93,96.64,40,199,Completed,95
F-001143,2026-01-29,ENT-03,Downtown Corridor,Fleet,673.31,198.59,79,352,Completed,140
F-001144,2026-01-29,ENT-04,Henderson South,Logistics,521.37,119.43,57,284,Completed,110
F-001145,2026-01-29,ENT-05,Summerlin,Express,660.27,127.13,75,369,Completed,125
F-001146,2026-01-29,ENT-06,Strip Core,Fleet,738.47,207.47,78,385,Completed,190
F-001147,2026-01-29,ENT-07,North Las Vegas,Logistics,448.43,109.34,45,243,Completed,105
F-001148,2026-01-29,ENT-08,Spring Valley,Express,386.02,96.23,37,185,Completed,90
F-001149,2026-01-29,ENT-09,Airport Corridor,Fleet,659.19,182.46,66,302,Completed,160
F-001150,2026-01-29,ENT-10,Boulder Highway,Logistics,352.0,128.51,38,216,Completed,100
F-001151,2026-01-30,ENT-01,Zone North 89011,Logistics,521.18,137.48,55,243,Completed,120
F-001152,2026-01-30,ENT-02,Zone West Central,Express,455.17,90.73,45,236,Completed,95
F-001153,2026-01-30,ENT-03,Downtown Corridor,Fleet,635.0,200.87,68,351,Completed,140
F-001154,2026-01-30,ENT-04,Henderson South,Logistics,441.46,114.74,52,275,Completed,110
F-001155,2026-01-30,ENT-05,Summerlin,Express,588.88,121.71,56,284,Completed,125
F-001156,2026-01-30,ENT-06,Strip Core,Fleet,785.3,205.58,91,450,Completed,190
F-001157,2026-01-30,ENT-07,North Las Vegas,Logistics,424.23,98.17,47,225,Completed,105
F-001158,2026-01-30,ENT-08,Spring Valley,Express,358.05,87.24,42,221,Completed,90
F-001159,2026-01-30,ENT-09,Airport Corridor,Fleet,555.05,167.72,59,261,Completed,160
F-001160,2026-01-30,ENT-10,Boulder Highway,Logistics,359.13,113.09,36,162,Completed,100
F-001161,2026-01-31,ENT-01,Zone North 89011,Logistics,583.62,129.92,64,331,Completed,120
F-001162,2026-01-31,ENT-02,Zone West Central,Express,497.61,100.92,52,260,Completed,95
F-001163,2026-01-31,ENT-03,Downtown Corridor,Fleet,530.61,175.06,53,270,Completed,140
F-001164,2026-01-31,ENT-04,Henderson South,Logistics,595.38,112.85,69,303,Completed,110
F-001165,2026-01-31,ENT-05,Summerlin,Express,649.43,117.86,66,304,Completed,125
F-001166,2026-01-31,ENT-06,Strip Core,Fleet,1135.15,180.2,108,556,Completed,190
F-001167,2026-01-31,ENT-07,North Las Vegas,Logistics,474.69,101.82,49,235,Completed,105
F-001168,2026-01-31,ENT-08,Spring Valley,Express,515.84,88.46,54,242,Completed,90
F-001169,2026-01-31,ENT-09,Airport Corridor,Fleet,609.27,183.78,66,303,Completed,160
F-001170,2026-01-31,ENT-10,Boulder Highway,Logistics,319.25,121.74,34,171,Completed,100
F-001171,2026-02-01,ENT-01,Zone North 89011,Logistics,533.16,130.63,56,274,Completed,120
F-001172,2026-02-01,ENT-02,Zone West Central,Express,511.14,99.78,54,296,Delayed,95
F-001173,2026-02-01,ENT-03,Downtown Corridor,Fleet,540.26,176.07,54,247,Completed,140
F-001174,2026-02-01,ENT-04,Henderson South,Logistics,443.29,119.42,44,241,Completed,110
F-001175,2026-02-01,ENT-05,Summerlin,Express,593.42,136.09,64,297,Completed,125
F-001176,2026-02-01,ENT-06,Strip Core,Fleet,0.0,77.93,0,30,Cancelled,190
F-001177,2026-02-01,ENT-07,North Las Vegas,Logistics,374.68,108.42,39,201,Completed,105
F-001178,2026-02-01,ENT-08,Spring Valley,Express,406.91,92.39,47,251,Completed,90
F-001179,2026-02-01,ENT-09,Airport Corridor,Fleet,677.94,163.99,70,375,Completed,160
F-001180,2026-02-01,ENT-10,Boulder Highway,Logistics,340.58,117.69,36,163,Completed,100
F-001181,2026-02-02,ENT-01,Zone North 89011,Logistics,476.3,126.5,52,266,Completed,120
F-001182,2026-02-02,ENT-02,Zone West Central,Express,386.24,96.86,37,209,Completed,95
F-001183,2026-02-02,ENT-03,Downtown Corridor,Fleet,616.99,165.89,62,319,Completed,140
F-001184,2026-02-02,ENT-04,Henderson South,Logistics,438.74,112.57,49,247,Completed,110
F-001185,2026-02-02,ENT-05,Summerlin,Express,558.05,121.69,63,319,Completed,125
F-001186,2026-02-02,ENT-06,Strip Core,Fleet,729.72,223.06,72,342,Completed,190
F-001187,2026-02-02,ENT-07,North Las Vegas,Logistics,416.25,94.47,41,206,Completed,105
F-001188,2026-02-02,ENT-08,Spring Valley,Express,400.33,91.02,43,225,Completed,90
F-001189,2026-02-02,ENT-09,Airport Corridor,Fleet,658.17,179.05,76,366,Completed,160
F-001190,2026-02-02,ENT-10,Boulder Highway,Logistics,392.08,124.72,44,230,Completed,100
F-001191,2026-02-03,ENT-01,Zone North 89011,Logistics,515.17,125.56,56,263,Completed,120
F-001192,2026-02-03,ENT-02,Zone West Central,Express,431.02,88.56,48,266,Completed,95
F-001193,2026-02-03,ENT-03,Downtown Corridor,Fleet,573.69,175.01,62,303,Completed,140
F-001194,2026-02-03,ENT-04,Henderson South,Logistics,515.42,109.22,57,310,Completed,110
F-001195,2026-02-03,ENT-05,Summerlin,Express,557.45,141.66,62,315,Completed,125
F-001196,2026-02-03,ENT-06,Strip Core,Fleet,698.47,211.07,78,422,Completed,190
F-001197,2026-02-03,ENT-07,North Las Vegas,Logistics,365.51,120.82,38,199,Completed,105
F-001198,2026-02-03,ENT-08,Spring Valley,Express,376.62,96.32,41,221,Completed,90
F-001199,2026-02-03,ENT-09,Airport Corridor,Fleet,801.32,171.9,83,429,Completed,160
F-001200,2026-02-03,ENT-10,Boulder Highway,Logistics,393.17,113.13,46,227,Completed,100
F-001201,2026-02-04,ENT-01,Zone North 89011,Logistics,487.34,121.58,56,255,Completed,120
F-001202,2026-02-04,ENT-02,Zone West Central,Express,365.82,97.94,40,213,Delayed,95
F-001203,2026-02-04,ENT-03,Downtown Corridor,Fleet,602.38,188.65,64,318,Completed,140
F-001204,2026-02-04,ENT-04,Henderson South,Logistics,495.1,106.8,50,260,Completed,110
F-001205,2026-02-04,ENT-05,Summerlin,Express,623.8,122.96,63,325,Completed,125
F-001206,2026-02-04,ENT-06,Strip Core,Fleet,691.4,216.86,71,316,Completed,190
F-001207,2026-02-04,ENT-07,North Las Vegas,Logistics,501.36,109.8,51,258,Completed,105
F-001208,2026-02-04,ENT-08,Spring Valley,Express,340.34,88.15,34,162,Completed,90
F-001209,2026-02-04,ENT-09,Airport Corridor,Fleet,552.34,177.46,62,281,Completed,160
F-001210,2026-02-04,ENT-10,Boulder Highway,Logistics,440.48,117.6,48,252,Completed,100
F-001211,2026-02-05,ENT-01,Zone North 89011,Logistics,524.74,132.67,58,307,Completed,120
F-001212,2026-02-05,ENT-02,Zone West Central,Express,393.99,99.82,38,213,Completed,95
F-001213,2026-02-05,ENT-03,Downtown Corridor,Fleet,560.74,182.1,58,294,Completed,140
F-001214,2026-02-05,ENT-04,Henderson South,Logistics,493.3,117.69,51,247,Completed,110
F-001215,2026-02-05,ENT-05,Summerlin,Express,492.89,121.0,50,264,Completed,125
F-001216,2026-02-05,ENT-06,Strip Core,Fleet,679.5,215.33,65,348,Completed,190
F-001217,2026-02-05,ENT-07,North Las Vegas,Logistics,402.69,117.4,43,229,Delayed,105
F-001218,2026-02-05,ENT-08,Spring Valley,Express,442.35,85.27,43,208,Completed,90
F-001219,2026-02-05,ENT-09,Airport Corridor,Fleet,666.07,182.45,78,385,Completed,160
F-001220,2026-02-05,ENT-10,Boulder Highway,Logistics,354.19,144.27,38,180,Delayed,100
F-001221,2026-02-06,ENT-01,Zone North 89011,Logistics,520.11,128.5,53,226,Completed,120
F-001222,2026-02-06,ENT-02,Zone West Central,Express,423.68,89.5,47,211,Completed,95
F-001223,2026-02-06,ENT-03,Downtown Corridor,Fleet,627.46,191.52,68,375,Completed,140
F-001224,2026-02-06,ENT-04,Henderson South,Logistics,475.32,107.29,49,215,Completed,110
F-001225,2026-02-06,ENT-05,Summerlin,Express,583.18,123.59,57,284,Completed,125
F-001226,2026-02-06,ENT-06,Strip Core,Fleet,845.48,205.41,98,508,Completed,190
F-001227,2026-02-06,ENT-07,North Las Vegas,Logistics,409.68,105.51,47,246,Completed,105
F-001228,2026-02-06,ENT-08,Spring Valley,Express,437.83,89.87,43,227,Completed,90
F-001229,2026-02-06,ENT-09,Airport Corridor,Fleet,576.05,182.02,57,279,Delayed,160
F-001230,2026-02-06,ENT-10,Boulder Highway,Logistics,391.75,127.29,39,195,Completed,100
F-001231,2026-02-07,ENT-01,Zone North 89011,Logistics,513.87,119.35,55,276,Completed,120
F-001232,2026-02-07,ENT-02,Zone West Central,Express,530.87,96.88,57,302,Completed,95
F-001233,2026-02-07,ENT-03,Downtown Corridor,Fleet,531.69,172.22,53,246,Completed,140
F-001234,2026-02-07,ENT-04,Henderson South,Logistics,560.3,115.34,57,266,Completed,110
F-001235,2026-02-07,ENT-05,Summerlin,Express,582.54,122.26,62,303,Completed,125
F-001236,2026-02-07,ENT-06,Strip Core,Fleet,1179.84,218.28,119,630,Completed,190
F-001237,2026-02-07,ENT-07,North Las Vegas,Logistics,411.64,104.09,39,192,Completed,105
F-001238,2026-02-07,ENT-08,Spring Valley,Express,465.3,81.13,52,245,Completed,90
F-001239,2026-02-07,ENT-09,Airport Corridor,Fleet,648.81,179.25,72,384,Completed,160
F-001240,2026-02-07,ENT-10,Boulder Highway,Logistics,366.7,119.29,35,163,Completed,100
F-001241,2026-02-08,ENT-01,Zone North 89011,Logistics,582.6,124.89,64,287,Completed,120
F-001242,2026-02-08,ENT-02,Zone West Central,Express,484.08,97.66,55,293,Completed,95
F-001243,2026-02-08,ENT-03,Downtown Corridor,Fleet,523.32,171.9,59,287,Completed,140
F-001244,2026-02-08,ENT-04,Henderson South,Logistics,447.63,126.33,44,209,Completed,110
F-001245,2026-02-08,ENT-05,Summerlin,Express,730.14,120.44,72,400,Completed,125
F-001246,2026-02-08,ENT-06,Strip Core,Fleet,931.36,242.44,108,509,Completed,190
F-001247,2026-02-08,ENT-07,North Las Vegas,Logistics,492.49,102.23,53,233,Completed,105
F-001248,2026-02-08,ENT-08,Spring Valley,Express,396.35,90.37,45,230,Completed,90
F-001249,2026-02-08,ENT-09,Airport Corridor,Fleet,654.02,163.0,65,363,Completed,160
F-001250,2026-02-08,ENT-10,Boulder Highway,Logistics,311.41,123.31,33,164,Completed,100
F-001251,2026-02-09,ENT-01,Zone North 89011,Logistics,566.18,127.6,58,277,Completed,120
F-001252,2026-02-09,ENT-02,Zone West Central,Express,416.81,93.87,42,220,Completed,95
F-001253,2026-02-09,ENT-03,Downtown Corridor,Fleet,618.91,192.62,64,298,Completed,140
F-001254,2026-02-09,ENT-04,Henderson South,Logistics,526.22,120.53,51,249,Completed,110
F-001255,2026-02-09,ENT-05,Summerlin,Express,613.42,120.1,70,316,Completed,125
F-001256,2026-02-09,ENT-06,Strip Core,Fleet,768.74,203.21,82,401,Completed,190
F-001257,2026-02-09,ENT-07,North Las Vegas,Logistics,384.16,113.82,41,196,Completed,105
F-001258,2026-02-09,ENT-08,Spring Valley,Express,441.0,88.9,46,239,Completed,90
F-001259,2026-02-09,ENT-09,Airport Corridor,Fleet,704.44,148.95,82,382,Completed,160
F-001260,2026-02-09,ENT-10,Boulder Highway,Logistics,393.72,116.71,40,202,Completed,100
F-001261,2026-02-10,ENT-01,Zone North 89011,Logistics,0.0,34.6,0,30,Cancelled,120
F-001262,2026-02-10,ENT-02,Zone West Central,Express,343.22,101.18,34,168,Completed,95
F-001263,2026-02-10,ENT-03,Downtown Corridor,Fleet,570.29,189.69,60,301,Completed,140
F-001264,2026-02-10,ENT-04,Henderson South,Logistics,477.25,111.99,51,261,Completed,110
F-001265,2026-02-10,ENT-05,Summerlin,Express,590.14,110.83,63,327,Completed,125
F-001266,2026-02-10,ENT-06,Strip Core,Fleet,785.61,218.27,84,406,Completed,190
F-001267,2026-02-10,ENT-07,North Las Vegas,Logistics,405.02,113.52,39,188,Completed,105
F-001268,2026-02-10,ENT-08,Spring Valley,Express,340.02,87.31,37,204,Completed,90
F-001269,2026-02-10,ENT-09,Airport Corridor,Fleet,630.22,169.8,63,353,Completed,160
F-001270,2026-02-10,ENT-10,Boulder Highway,Logistics,435.88,114.74,45,253,Completed,100
F-001271,2026-02-11,ENT-01,Zone North 89011,Logistics,548.88,123.48,57,283,Completed,120
F-001272,2026-02-11,ENT-02,Zone West Central,Express,444.05,84.63,51,265,Completed,95
F-001273,2026-02-11,ENT-03,Downtown Corridor,Fleet,700.01,185.03,79,377,Completed,140
F-001274,2026-02-11,ENT-04,Henderson South,Logistics,492.56,117.08,57,303,Completed,110
F-001275,2026-02-11,ENT-05,Summerlin,Express,615.88,135.83,70,315,Completed,125
F-001276,2026-02-11,ENT-06,Strip Core,Fleet,734.6,245.06,84,413,Completed,190
F-001277,2026-02-11,ENT-07,North Las Vegas,Logistics,387.45,111.72,40,202,Completed,105
F-001278,2026-02-11,ENT-08,Spring Valley,Express,376.36,88.61,43,191,Completed,90
F-001279,2026-02-11,ENT-09,Airport Corridor,Fleet,597.92,183.05,58,292,Completed,160
F-001280,2026-02-11,ENT-10,Boulder Highway,Logistics,384.8,119.17,41,202,Completed,100
F-001281,2026-02-12,ENT-01,Zone North 89011,Logistics,512.74,118.04,51,242,Completed,120
F-001282,2026-02-12,ENT-02,Zone West Central,Express,488.44,95.66,55,265,Completed,95
F-001283,2026-02-12,ENT-03,Downtown Corridor,Fleet,530.59,198.04,52,244,Completed,140
F-001284,2026-02-12,ENT-04,Henderson South,Logistics,476.29,125.33,53,255,Completed,110
F-001285,2026-02-12,ENT-05,Summerlin,Express,0.0,42.88,0,30,Cancelled,125
F-001286,2026-02-12,ENT-06,Strip Core,Fleet,813.26,209.28,85,434,Completed,190
F-001287,2026-02-12,ENT-07,North Las Vegas,Logistics,486.05,111.95,52,278,Completed,105
F-001288,2026-02-12,ENT-08,Spring Valley,Express,370.96,93.02,41,214,Completed,90
F-001289,2026-02-12,ENT-09,Airport Corridor,Fleet,657.15,172.36,73,405,Completed,160
F-001290,2026-02-12,ENT-10,Boulder Highway,Logistics,418.11,122.05,48,226,Completed,100
F-001291,2026-02-13,ENT-01,Zone North 89011,Logistics,480.72,122.53,48,253,Completed,120
F-001292,2026-02-13,ENT-02,Zone West Central,Express,442.82,96.66,50,261,Completed,95
F-001293,2026-02-13,ENT-03,Downtown Corridor,Fleet,672.79,164.69,68,354,Completed,140
F-001294,2026-02-13,ENT-04,Henderson South,Logistics,522.22,116.66,52,278,Completed,110
F-001295,2026-02-13,ENT-05,Summerlin,Express,549.5,126.83,59,314,Completed,125
F-001296,2026-02-13,ENT-06,Strip Core,Fleet,784.12,211.36,78,403,Completed,190
F-001297,2026-02-13,ENT-07,North Las Vegas,Logistics,448.31,110.95,51,241,Completed,105
F-001298,2026-02-13,ENT-08,Spring Valley,Express,349.52,101.38,40,205,Delayed,90
F-001299,2026-02-13,ENT-09,Airport Corridor,Fleet,656.86,177.0,72,349,Completed,160
F-001300,2026-02-13,ENT-10,Boulder Highway,Logistics,378.15,123.81,44,194,Completed,100
F-001301,2026-02-14,ENT-01,Zone North 89011,Logistics,0.0,46.79,0,30,Cancelled,120
F-001302,2026-02-14,ENT-02,Zone West Central,Express,443.45,108.29,46,242,Delayed,95
F-001303,2026-02-14,ENT-03,Downtown Corridor,Fleet,459.59,182.9,46,207,Delayed,140
F-001304,2026-02-14,ENT-04,Henderson South,Logistics,460.01,110.4,50,276,Completed,110
F-001305,2026-02-14,ENT-05,Summerlin,Express,641.76,119.29,72,374,Completed,125
F-001306,2026-02-14,ENT-06,Strip Core,Fleet,1009.35,195.29,101,509,Completed,190
F-001307,2026-02-14,ENT-07,North Las Vegas,Logistics,429.01,106.01,47,223,Completed,105
F-001308,2026-02-14,ENT-08,Spring Valley,Express,418.91,106.55,42,197,Delayed,90
F-001309,2026-02-14,ENT-09,Airport Corridor,Fleet,630.95,186.62,66,349,Completed,160
F-001310,2026-02-14,ENT-10,Boulder Highway,Logistics,355.56,133.45,40,205,Completed,100
F-001311,2026-02-15,ENT-01,Zone North 89011,Logistics,630.29,118.06,64,322,Completed,120
F-001312,2026-02-15,ENT-02,Zone West Central,Express,495.91,93.65,48,235,Completed,95
F-001313,2026-02-15,ENT-03,Downtown Corridor,Fleet,553.38,196.25,62,271,Completed,140
F-001314,2026-02-15,ENT-04,Henderson South,Logistics,482.15,120.7,48,229,Completed,110
F-001315,2026-02-15,ENT-05,Summerlin,Express,681.19,117.55,76,351,Completed,125
F-001316,2026-02-15,ENT-06,Strip Core,Fleet,1050.78,212.77,101,518,Completed,190
F-001317,2026-02-15,ENT-07,North Las Vegas,Logistics,456.82,113.63,46,249,Completed,105
F-001318,2026-02-15,ENT-08,Spring Valley,Express,397.19,95.66,40,215,Completed,90
F-001319,2026-02-15,ENT-09,Airport Corridor,Fleet,619.64,168.69,69,332,Completed,160
F-001320,2026-02-15,ENT-10,Boulder Highway,Logistics,383.92,117.52,41,191,Completed,100
F-001321,2026-02-16,ENT-01,Zone North 89011,Logistics,524.24,125.29,53,290,Completed,120
F-001322,2026-02-16,ENT-02,Zone West Central,Express,381.72,101.87,39,196,Completed,95
F-001323,2026-02-16,ENT-03,Downtown Corridor,Fleet,614.27,183.46,66,338,Completed,140
F-001324,2026-02-16,ENT-04,Henderson South,Logistics,541.19,115.55,57,311,Completed,110
F-001325,2026-02-16,ENT-05,Summerlin,Express,547.21,112.45,53,275,Completed,125
F-001326,2026-02-16,ENT-06,Strip Core,Fleet,767.24,222.95,78,383,Completed,190
F-001327,2026-02-16,ENT-07,North Las Vegas,Logistics,435.53,114.69,48,266,Completed,105
F-001328,2026-02-16,ENT-08,Spring Valley,Express,378.37,99.68,37,184,Completed,90
F-001329,2026-02-16,ENT-09,Airport Corridor,Fleet,578.27,160.62,65,325,Completed,160
F-001330,2026-02-16,ENT-10,Boulder Highway,Logistics,355.54,113.65,38,214,Completed,100
F-001331,2026-02-17,ENT-01,Zone North 89011,Logistics,449.38,132.22,52,268,Completed,120
F-001332,2026-02-17,ENT-02,Zone West Central,Express,348.55,112.63,37,195,Delayed,95
F-001333,2026-02-17,ENT-03,Downtown Corridor,Fleet,718.25,180.18,83,411,Completed,140
F-001334,2026-02-17,ENT-04,Henderson South,Logistics,491.92,115.62,50,231,Completed,110
F-001335,2026-02-17,ENT-05,Summerlin,Express,620.48,139.38,61,297,Completed,125
F-001336,2026-02-17,ENT-06,Strip Core,Fleet,765.4,216.49,82,409,Completed,190
F-001337,2026-02-17,ENT-07,North Las Vegas,Logistics,388.29,98.44,43,209,Completed,105
F-001338,2026-02-17,ENT-08,Spring Valley,Express,425.29,85.09,49,221,Completed,90
F-001339,2026-02-17,ENT-09,Airport Corridor,Fleet,678.57,170.84,65,303,Completed,160
F-001340,2026-02-17,ENT-10,Boulder Highway,Logistics,375.28,102.85,36,158,Completed,100
F-001341,2026-02-18,ENT-01,Zone North 89011,Logistics,499.08,130.95,49,276,Completed,120
F-001342,2026-02-18,ENT-02,Zone West Central,Express,345.09,93.53,37,170,Completed,95
F-001343,2026-02-18,ENT-03,Downtown Corridor,Fleet,671.27,188.94,67,366,Completed,140
F-001344,2026-02-18,ENT-04,Henderson South,Logistics,542.89,119.92,54,257,Completed,110
F-001345,2026-02-18,ENT-05,Summerlin,Express,524.7,115.71,56,296,Completed,125
F-001346,2026-02-18,ENT-06,Strip Core,Fleet,738.7,216.84,86,449,Completed,190
F-001347,2026-02-18,ENT-07,North Las Vegas,Logistics,421.18,113.84,45,240,Completed,105
F-001348,2026-02-18,ENT-08,Spring Valley,Express,0.0,35.63,0,30,Cancelled,90
F-001349,2026-02-18,ENT-09,Airport Corridor,Fleet,751.89,162.67,85,385,Completed,160
F-001350,2026-02-18,ENT-10,Boulder Highway,Logistics,370.98,125.03,37,168,Completed,100
F-001351,2026-02-19,ENT-01,Zone North 89011,Logistics,497.75,115.89,56,291,Completed,120
F-001352,2026-02-19,ENT-02,Zone West Central,Express,450.54,96.64,46,223,Completed,95
F-001353,2026-02-19,ENT-03,Downtown Corridor,Fleet,553.74,188.74,53,283,Completed,140
F-001354,2026-02-19,ENT-04,Henderson South,Logistics,473.21,115.72,54,268,Completed,110
F-001355,2026-02-19,ENT-05,Summerlin,Express,502.32,120.49,51,289,Completed,125
F-001356,2026-02-19,ENT-06,Strip Core,Fleet,709.4,200.94,71,358,Completed,190
F-001357,2026-02-19,ENT-07,North Las Vegas,Logistics,401.66,113.89,39,206,Completed,105
F-001358,2026-02-19,ENT-08,Spring Valley,Express,412.44,92.42,40,211,Completed,90
F-001359,2026-02-19,ENT-09,Airport Corridor,Fleet,717.7,178.71,69,354,Completed,160
F-001360,2026-02-19,ENT-10,Boulder Highway,Logistics,338.52,116.79,37,176,Delayed,100
F-001361,2026-02-20,ENT-01,Zone North 89011,Logistics,490.37,112.22,51,232,Completed,120
F-001362,2026-02-20,ENT-02,Zone West Central,Express,399.01,102.61,39,197,Delayed,95
F-001363,2026-02-20,ENT-03,Downtown Corridor,Fleet,561.48,185.94,57,294,Completed,140
F-001364,2026-02-20,ENT-04,Henderson South,Logistics,449.64,108.44,43,256,Completed,110
F-001365,2026-02-20,ENT-05,Summerlin,Express,489.11,124.95,49,251,Completed,125
F-001366,2026-02-20,ENT-06,Strip Core,Fleet,745.88,220.17,74,375,Completed,190
F-001367,2026-02-20,ENT-07,North Las Vegas,Logistics,505.34,111.83,53,278,Completed,105
F-001368,2026-02-20,ENT-08,Spring Valley,Express,392.47,100.1,43,191,Completed,90
F-001369,2026-02-20,ENT-09,Airport Corridor,Fleet,770.46,171.08,81,388,Completed,160
F-001370,2026-02-20,ENT-10,Boulder Highway,Logistics,357.43,124.21,36,173,Completed,100
F-001371,2026-02-21,ENT-01,Zone North 89011,Logistics,605.21,110.59,64,315,Completed,120
F-001372,2026-02-21,ENT-02,Zone West Central,Express,571.65,95.6,57,302,Completed,95
F-001373,2026-02-21,ENT-03,Downtown Corridor,Fleet,601.53,182.9,61,346,Completed,140
F-001374,2026-02-21,ENT-04,Henderson South,Logistics,609.4,104.12,70,387,Completed,110
F-001375,2026-02-21,ENT-05,Summerlin,Express,0.0,43.84,0,30,Cancelled,125
F-001376,2026-02-21,ENT-06,Strip Core,Fleet,896.88,206.8,100,490,Completed,190
F-001377,2026-02-21,ENT-07,North Las Vegas,Logistics,405.8,92.79,44,232,Completed,105
F-001378,2026-02-21,ENT-08,Spring Valley,Express,405.33,92.32,45,207,Completed,90
F-001379,2026-02-21,ENT-09,Airport Corridor,Fleet,627.84,176.02,66,336,Completed,160
F-001380,2026-02-21,ENT-10,Boulder Highway,Logistics,375.86,111.37,38,192,Completed,100
F-001381,2026-02-22,ENT-01,Zone North 89011,Logistics,597.23,132.04,64,327,Completed,120
F-001382,2026-02-22,ENT-02,Zone West Central,Express,531.61,105.1,53,233,Completed,95
F-001383,2026-02-22,ENT-03,Downtown Corridor,Fleet,483.56,177.25,51,239,Completed,140
F-001384,2026-02-22,ENT-04,Henderson South,Logistics,493.09,117.03,47,244,Completed,110
F-001385,2026-02-22,ENT-05,Summerlin,Express,721.52,132.14,75,398,Completed,125
F-001386,2026-02-22,ENT-06,Strip Core,Fleet,1046.04,218.11,103,484,Completed,190
F-001387,2026-02-22,ENT-07,North Las Vegas,Logistics,480.5,106.69,50,247,Completed,105
F-001388,2026-02-22,ENT-08,Spring Valley,Express,456.72,86.35,45,258,Completed,90
F-001389,2026-02-22,ENT-09,Airport Corridor,Fleet,581.85,176.77,61,320,Completed,160
F-001390,2026-02-22,ENT-10,Boulder Highway,Logistics,406.36,120.61,45,219,Completed,100
F-001391,2026-02-23,ENT-01,Zone North 89011,Logistics,448.75,151.45,46,216,Delayed,120
F-001392,2026-02-23,ENT-02,Zone West Central,Express,431.92,94.82,47,247,Completed,95
F-001393,2026-02-23,ENT-03,Downtown Corridor,Fleet,610.56,184.61,65,331,Completed,140
F-001394,2026-02-23,ENT-04,Henderson South,Logistics,498.56,113.67,56,235,Completed,110
F-001395,2026-02-23,ENT-05,Summerlin,Express,528.3,111.67,57,282,Completed,125
F-001396,2026-02-23,ENT-06,Strip Core,Fleet,749.95,233.45,86,406,Completed,190
F-001397,2026-02-23,ENT-07,North Las Vegas,Logistics,426.86,106.96,46,220,Completed,105
F-001398,2026-02-23,ENT-08,Spring Valley,Express,460.81,90.58,44,217,Completed,90
F-001399,2026-02-23,ENT-09,Airport Corridor,Fleet,777.75,186.63,78,384,Completed,160
F-001400,2026-02-23,ENT-10,Boulder Highway,Logistics,345.01,108.83,36,180,Completed,100
F-001401,2026-02-24,ENT-01,Zone North 89011,Logistics,489.12,133.67,53,257,Delayed,120
F-001402,2026-02-24,ENT-02,Zone West Central,Express,330.76,88.84,35,161,Completed,95
F-001403,2026-02-24,ENT-03,Downtown Corridor,Fleet,687.87,182.74,79,387,Completed,140
F-001404,2026-02-24,ENT-04,Henderson South,Logistics,488.97,113.26,54,243,Completed,110
F-001405,2026-02-24,ENT-05,Summerlin,Express,0.0,41.51,0,30,Cancelled,125
F-001406,2026-02-24,ENT-06,Strip Core,Fleet,752.55,188.3,74,371,Completed,190
F-001407,2026-02-24,ENT-07,North Las Vegas,Logistics,492.91,95.47,54,269,Completed,105
F-001408,2026-02-24,ENT-08,Spring Valley,Express,422.18,93.54,42,209,Completed,90
F-001409,2026-02-24,ENT-09,Airport Corridor,Fleet,512.38,190.47,55,274,Delayed,160
F-001410,2026-02-24,ENT-10,Boulder Highway,Logistics,342.43,94.63,35,168,Completed,100
F-001411,2026-02-25,ENT-01,Zone North 89011,Logistics,454.69,113.35,46,237,Completed,120
F-001412,2026-02-25,ENT-02,Zone West Central,Express,393.53,95.49,38,161,Completed,95
F-001413,2026-02-25,ENT-03,Downtown Corridor,Fleet,517.27,189.77,53,273,Delayed,140
F-001414,2026-02-25,ENT-04,Henderson South,Logistics,498.09,128.05,48,247,Completed,110
F-001415,2026-02-25,ENT-05,Summerlin,Express,543.29,128.05,53,235,Completed,125
F-001416,2026-02-25,ENT-06,Strip Core,Fleet,728.45,224.17,82,432,Completed,190
F-001417,2026-02-25,ENT-07,North Las Vegas,Logistics,417.17,105.8,40,206,Completed,105
F-001418,2026-02-25,ENT-08,Spring Valley,Express,390.07,83.15,42,218,Completed,90
F-001419,2026-02-25,ENT-09,Airport Corridor,Fleet,656.12,180.73,64,301,Completed,160
F-001420,2026-02-25,ENT-10,Boulder Highway,Logistics,387.77,116.81,44,207,Completed,100
F-001421,2026-02-26,ENT-01,Zone North 89011,Logistics,499.13,124.65,56,271,Completed,120
F-001422,2026-02-26,ENT-02,Zone West Central,Express,452.47,100.85,48,273,Completed,95
F-001423,2026-02-26,ENT-03,Downtown Corridor,Fleet,652.79,190.67,71,379,Completed,140
F-001424,2026-02-26,ENT-04,Henderson South,Logistics,527.18,122.95,51,244,Completed,110
F-001425,2026-02-26,ENT-05,Summerlin,Express,592.32,131.15,66,305,Completed,125
F-001426,2026-02-26,ENT-06,Strip Core,Fleet,720.21,213.57,70,340,Completed,190
F-001427,2026-02-26,ENT-07,North Las Vegas,Logistics,499.69,101.96,57,274,Completed,105
F-001428,2026-02-26,ENT-08,Spring Valley,Express,400.24,81.22,41,200,Completed,90
F-001429,2026-02-26,ENT-09,Airport Corridor,Fleet,768.48,169.75,85,425,Completed,160
F-001430,2026-02-26,ENT-10,Boulder Highway,Logistics,354.16,124.79,35,197,Completed,100
F-001431,2026-02-27,ENT-01,Zone North 89011,Logistics,555.13,124.12,62,327,Completed,120
F-001432,2026-02-27,ENT-02,Zone West Central,Express,0.0,32.49,0,30,Cancelled,95
F-001433,2026-02-27,ENT-03,Downtown Corridor,Fleet,604.2,176.12,70,389,Completed,140
F-001434,2026-02-27,ENT-04,Henderson South,Logistics,484.36,113.93,52,248,Completed,110
F-001435,2026-02-27,ENT-05,Summerlin,Express,553.56,119.17,59,289,Completed,125
F-001436,2026-02-27,ENT-06,Strip Core,Fleet,713.57,214.87,76,379,Completed,190
F-001437,2026-02-27,ENT-07,North Las Vegas,Logistics,449.52,108.27,45,189,Completed,105
F-001438,2026-02-27,ENT-08,Spring Valley,Express,369.07,102.63,40,198,Delayed,90
F-001439,2026-02-27,ENT-09,Airport Corridor,Fleet,688.05,173.25,67,325,Completed,160
F-001440,2026-02-27,ENT-10,Boulder Highway,Logistics,348.45,121.44,36,157,Completed,100
F-001441,2026-02-28,ENT-01,Zone North 89011,Logistics,504.27,134.71,51,217,Completed,120
F-001442,2026-02-28,ENT-02,Zone West Central,Express,475.92,94.38,46,208,Completed,95
F-001443,2026-02-28,ENT-03,Downtown Corridor,Fleet,496.71,179.15,47,223,Completed,140
F-001444,2026-02-28,ENT-04,Henderson South,Logistics,515.5,119.37,50,278,Completed,110
F-001445,2026-02-28,ENT-05,Summerlin,Express,816.62,112.07,87,454,Completed,125
F-001446,2026-02-28,ENT-06,Strip Core,Fleet,1001.94,189.95,117,608,Completed,190
F-001447,2026-02-28,ENT-07,North Las Vegas,Logistics,433.86,104.52,45,229,Completed,105
F-001448,2026-02-28,ENT-08,Spring Valley,Express,401.29,83.91,38,191,Completed,90
F-001449,2026-02-28,ENT-09,Airport Corridor,Fleet,647.05,162.11,70,340,Completed,160
F-001450,2026-02-28,ENT-10,Boulder Highway,Logistics,393.4,122.1,39,212,Completed,100
F-001451,2026-03-01,ENT-01,Zone North 89011,Logistics,561.53,115.56,63,319,Completed,120
F-001452,2026-03-01,ENT-02,Zone West Central,Express,515.64,100.61,59,316,Completed,95
F-001453,2026-03-01,ENT-03,Downtown Corridor,Fleet,564.84,178.23,58,285,Completed,140
F-001454,2026-03-01,ENT-04,Henderson South,Logistics,481.3,122.67,52,243,Completed,110
F-001455,2026-03-01,ENT-05,Summerlin,Express,672.26,114.21,72,365,Completed,125
F-001456,2026-03-01,ENT-06,Strip Core,Fleet,1043.42,225.92,100,454,Completed,190
F-001457,2026-03-01,ENT-07,North Las Vegas,Logistics,434.79,116.95,43,240,Delayed,105
F-001458,2026-03-01,ENT-08,Spring Valley,Express,495.48,84.69,51,269,Completed,90
F-001459,2026-03-01,ENT-09,Airport Corridor,Fleet,661.92,165.64,68,357,Completed,160
F-001460,2026-03-01,ENT-10,Boulder Highway,Logistics,359.66,121.21,35,183,Completed,100
F-001461,2026-03-02,ENT-01,Zone North 89011,Logistics,535.25,128.7,60,297,Completed,120
F-001462,2026-03-02,ENT-02,Zone West Central,Express,371.22,99.95,40,204,Completed,95
F-001463,2026-03-02,ENT-03,Downtown Corridor,Fleet,646.51,183.86,63,351,Completed,140
F-001464,2026-03-02,ENT-04,Henderson South,Logistics,532.1,114.39,57,242,Completed,110
F-001465,2026-03-02,ENT-05,Summerlin,Express,612.71,112.07,71,346,Completed,125
F-001466,2026-03-02,ENT-06,Strip Core,Fleet,694.3,236.2,67,312,Delayed,190
F-001467,2026-03-02,ENT-07,North Las Vegas,Logistics,437.43,101.9,49,232,Completed,105
F-001468,2026-03-02,ENT-08,Spring Valley,Express,385.0,93.06,45,241,Completed,90
F-001469,2026-03-02,ENT-09,Airport Corridor,Fleet,661.84,168.52,76,345,Completed,160
F-001470,2026-03-02,ENT-10,Boulder Highway,Logistics,373.16,129.87,40,209,Completed,100
F-001471,2026-03-03,ENT-01,Zone North 89011,Logistics,507.42,119.95,55,294,Completed,120
F-001472,2026-03-03,ENT-02,Zone West Central,Express,404.68,97.89,39,196,Completed,95
F-001473,2026-03-03,ENT-03,Downtown Corridor,Fleet,610.2,178.45,59,308,Completed,140
F-001474,2026-03-03,ENT-04,Henderson South,Logistics,487.87,106.98,55,279,Completed,110
F-001475,2026-03-03,ENT-05,Summerlin,Express,549.56,136.14,63,321,Completed,125
F-001476,2026-03-03,ENT-06,Strip Core,Fleet,635.56,223.85,75,383,Completed,190
F-001477,2026-03-03,ENT-07,North Las Vegas,Logistics,470.95,115.36,51,267,Completed,105
F-001478,2026-03-03,ENT-08,Spring Valley,Express,326.66,106.75,36,175,Delayed,90
F-001479,2026-03-03,ENT-09,Airport Corridor,Fleet,716.03,172.12,78,381,Completed,160
F-001480,2026-03-03,ENT-10,Boulder Highway,Logistics,348.18,121.66,36,162,Completed,100
F-001481,2026-03-04,ENT-01,Zone North 89011,Logistics,481.49,128.67,50,251,Completed,120
F-001482,2026-03-04,ENT-02,Zone West Central,Express,448.87,89.84,45,240,Completed,95
F-001483,2026-03-04,ENT-03,Downtown Corridor,Fleet,0.0,64.03,0,30,Cancelled,140
F-001484,2026-03-04,ENT-04,Henderson South,Logistics,467.11,118.41,46,241,Completed,110
F-001485,2026-03-04,ENT-05,Summerlin,Express,593.04,117.62,58,320,Completed,125
F-001486,2026-03-04,ENT-06,Strip Core,Fleet,731.71,218.33,70,358,Completed,190
F-001487,2026-03-04,ENT-07,North Las Vegas,Logistics,391.18,119.7,42,214,Delayed,105
F-001488,2026-03-04,ENT-08,Spring Valley,Express,387.89,96.28,42,175,Completed,90
F-001489,2026-03-04,ENT-09,Airport Corridor,Fleet,372.18,428.65,42,199,Completed,160
F-001490,2026-03-04,ENT-10,Boulder Highway,Logistics,327.45,117.99,36,179,Completed,100
F-001491,2026-03-05,ENT-01,Zone North 89011,Logistics,512.92,118.63,50,231,Completed,120
F-001492,2026-03-05,ENT-02,Zone West Central,Express,379.93,107.48,37,188,Completed,95
F-001493,2026-03-05,ENT-03,Downtown Corridor,Fleet,683.58,160.62,69,359,Completed,140
F-001494,2026-03-05,ENT-04,Henderson South,Logistics,593.87,97.18,67,337,Completed,110
F-001495,2026-03-05,ENT-05,Summerlin,Express,582.73,127.86,61,327,Completed,125
F-001496,2026-03-05,ENT-06,Strip Core,Fleet,693.29,209.09,79,430,Completed,190
F-001497,2026-03-05,ENT-07,North Las Vegas,Logistics,426.6,104.4,49,251,Completed,105
F-001498,2026-03-05,ENT-08,Spring Valley,Express,392.42,89.19,40,223,Completed,90
F-001499,2026-03-05,ENT-09,Airport Corridor,Fleet,656.85,184.58,77,386,Completed,160
F-001500,2026-03-05,ENT-10,Boulder Highway,Logistics,371.99,108.22,41,211,Completed,100
F-001501,2026-03-06,ENT-01,Zone North 89011,Logistics,564.1,124.79,61,290,Completed,120
F-001502,2026-03-06,ENT-02,Zone West Central,Express,365.77,105.47,39,199,Completed,95
F-001503,2026-03-06,ENT-03,Downtown Corridor,Fleet,703.31,193.92,73,338,Completed,140
F-001504,2026-03-06,ENT-04,Henderson South,Logistics,463.06,115.29,45,217,Completed,110
F-001505,2026-03-06,ENT-05,Summerlin,Express,558.31,108.19,57,314,Completed,125
F-001506,2026-03-06,ENT-06,Strip Core,Fleet,887.57,195.45,86,417,Completed,190
F-001507,2026-03-06,ENT-07,North Las Vegas,Logistics,447.84,102.06,44,234,Completed,105
F-001508,2026-03-06,ENT-08,Spring Valley,Express,363.89,87.74,42,204,Completed,90
F-001509,2026-03-06,ENT-09,Airport Corridor,Fleet,637.67,163.67,73,356,Completed,160
F-001510,2026-03-06,ENT-10,Boulder Highway,Logistics,354.56,120.55,39,204,Completed,100
F-001511,2026-03-07,ENT-01,Zone North 89011,Logistics,597.15,129.57,69,329,Completed,120
F-001512,2026-03-07,ENT-02,Zone West Central,Express,492.76,92.18,50,237,Completed,95
F-001513,2026-03-07,ENT-03,Downtown Corridor,Fleet,574.92,192.13,56,292,Completed,140
F-001514,2026-03-07,ENT-04,Henderson South,Logistics,455.18,120.9,44,224,Completed,110
F-001515,2026-03-07,ENT-05,Summerlin,Express,665.66,115.26,65,322,Completed,125
F-001516,2026-03-07,ENT-06,Strip Core,Fleet,939.76,215.78,110,572,Completed,190
F-001517,2026-03-07,ENT-07,North Las Vegas,Logistics,435.68,111.48,50,240,Completed,105
F-001518,2026-03-07,ENT-08,Spring Valley,Express,462.57,82.96,49,232,Completed,90
F-001519,2026-03-07,ENT-09,Airport Corridor,Fleet,635.01,149.46,63,295,Completed,160
F-001520,2026-03-07,ENT-10,Boulder Highway,Logistics,401.17,128.26,42,202,Completed,100
F-001521,2026-03-08,ENT-01,Zone North 89011,Logistics,603.67,125.48,62,317,Completed,120
F-001522,2026-03-08,ENT-02,Zone West Central,Express,536.19,86.65,57,303,Completed,95
F-001523,2026-03-08,ENT-03,Downtown Corridor,Fleet,555.17,208.48,56,266,Delayed,140
F-001524,2026-03-08,ENT-04,Henderson South,Logistics,515.93,122.76,52,281,Completed,110
F-001525,2026-03-08,ENT-05,Summerlin,Express,611.55,121.57,60,289,Completed,125
F-001526,2026-03-08,ENT-06,Strip Core,Fleet,977.42,216.51,105,516,Completed,190
F-001527,2026-03-08,ENT-07,North Las Vegas,Logistics,433.22,104.27,47,241,Completed,105
F-001528,2026-03-08,ENT-08,Spring Valley,Express,462.23,92.1,47,224,Completed,90
F-001529,2026-03-08,ENT-09,Airport Corridor,Fleet,522.45,219.52,52,267,Delayed,160
F-001530,2026-03-08,ENT-10,Boulder Highway,Logistics,393.83,116.04,45,244,Completed,100
F-001531,2026-03-09,ENT-01,Zone North 89011,Logistics,482.83,129.48,51,278,Completed,120
F-001532,2026-03-09,ENT-02,Zone West Central,Express,446.26,99.17,43,211,Completed,95
F-001533,2026-03-09,ENT-03,Downtown Corridor,Fleet,601.14,180.33,65,364,Completed,140
F-001534,2026-03-09,ENT-04,Henderson South,Logistics,494.87,129.07,48,242,Completed,110
F-001535,2026-03-09,ENT-05,Summerlin,Express,626.05,114.82,67,321,Completed,125
F-001536,2026-03-09,ENT-06,Strip Core,Fleet,816.91,194.51,92,452,Completed,190
F-001537,2026-03-09,ENT-07,North Las Vegas,Logistics,462.22,115.63,50,259,Completed,105
F-001538,2026-03-09,ENT-08,Spring Valley,Express,367.43,89.03,36,211,Completed,90
F-001539,2026-03-09,ENT-09,Airport Corridor,Fleet,691.59,167.9,71,330,Completed,160
F-001540,2026-03-09,ENT-10,Boulder Highway,Logistics,379.3,122.94,39,178,Completed,100
F-001541,2026-03-10,ENT-01,Zone North 89011,Logistics,514.49,132.03,55,274,Completed,120
F-001542,2026-03-10,ENT-02,Zone West Central,Express,455.98,107.38,49,280,Completed,95
F-001543,2026-03-10,ENT-03,Downtown Corridor,Fleet,606.74,165.01,66,310,Completed,140
F-001544,2026-03-10,ENT-04,Henderson South,Logistics,585.55,115.12,63,325,Completed,110
F-001545,2026-03-10,ENT-05,Summerlin,Express,616.66,118.81,70,352,Completed,125
F-001546,2026-03-10,ENT-06,Strip Core,Fleet,588.75,227.6,56,262,Delayed,190
F-001547,2026-03-10,ENT-07,North Las Vegas,Logistics,464.1,107.14,46,236,Completed,105
F-001548,2026-03-10,ENT-08,Spring Valley,Express,391.41,80.8,38,166,Completed,90
F-001549,2026-03-10,ENT-09,Airport Corridor,Fleet,659.88,174.29,69,357,Completed,160
F-001550,2026-03-10,ENT-10,Boulder Highway,Logistics,321.39,116.1,31,141,Completed,100
F-001551,2026-03-11,ENT-01,Zone North 89011,Logistics,563.12,128.92,58,261,Completed,120
F-001552,2026-03-11,ENT-02,Zone West Central,Express,347.41,101.63,40,204,Completed,95
F-001553,2026-03-11,ENT-03,Downtown Corridor,Fleet,598.47,174.68,58,272,Completed,140
F-001554,2026-03-11,ENT-04,Henderson South,Logistics,497.85,118.65,51,225,Completed,110
F-001555,2026-03-11,ENT-05,Summerlin,Express,637.75,119.18,66,293,Completed,125
F-001556,2026-03-11,ENT-06,Strip Core,Fleet,777.49,224.7,90,456,Completed,190
F-001557,2026-03-11,ENT-07,North Las Vegas,Logistics,398.03,117.31,42,221,Completed,105
F-001558,2026-03-11,ENT-08,Spring Valley,Express,435.47,97.97,48,264,Completed,90
F-001559,2026-03-11,ENT-09,Airport Corridor,Fleet,695.59,166.41,79,397,Completed,160
F-001560,2026-03-11,ENT-10,Boulder Highway,Logistics,373.64,142.68,38,186,Completed,100
F-001561,2026-03-12,ENT-01,Zone North 89011,Logistics,563.38,134.81,63,306,Completed,120
F-001562,2026-03-12,ENT-02,Zone West Central,Express,426.38,103.33,48,253,Completed,95
F-001563,2026-03-12,ENT-03,Downtown Corridor,Fleet,581.61,219.56,64,330,Delayed,140
F-001564,2026-03-12,ENT-04,Henderson South,Logistics,493.86,110.83,52,257,Completed,110
F-001565,2026-03-12,ENT-05,Summerlin,Express,553.78,126.18,56,295,Completed,125
F-001566,2026-03-12,ENT-06,Strip Core,Fleet,816.38,197.29,81,424,Completed,190
F-001567,2026-03-12,ENT-07,North Las Vegas,Logistics,368.65,108.89,37,183,Completed,105
F-001568,2026-03-12,ENT-08,Spring Valley,Express,369.05,84.27,38,183,Completed,90
F-001569,2026-03-12,ENT-09,Airport Corridor,Fleet,690.55,174.86,71,351,Completed,160
F-001570,2026-03-12,ENT-10,Boulder Highway,Logistics,339.89,126.57,38,182,Completed,100
F-001571,2026-03-13,ENT-01,Zone North 89011,Logistics,535.94,117.71,55,270,Completed,120
F-001572,2026-03-13,ENT-02,Zone West Central,Express,403.81,96.28,43,227,Completed,95
F-001573,2026-03-13,ENT-03,Downtown Corridor,Fleet,683.21,173.95,70,359,Completed,140
F-001574,2026-03-13,ENT-04,Henderson South,Logistics,524.49,105.1,61,309,Completed,110
F-001575,2026-03-13,ENT-05,Summerlin,Express,509.92,129.21,56,271,Completed,125
F-001576,2026-03-13,ENT-06,Strip Core,Fleet,689.95,230.03,78,378,Completed,190
F-001577,2026-03-13,ENT-07,North Las Vegas,Logistics,407.41,113.58,42,248,Completed,105
F-001578,2026-03-13,ENT-08,Spring Valley,Express,394.34,88.4,38,225,Completed,90
F-001579,2026-03-13,ENT-09,Airport Corridor,Fleet,759.97,176.15,87,454,Completed,160
F-001580,2026-03-13,ENT-10,Boulder Highway,Logistics,354.7,120.2,39,186,Completed,100
F-001581,2026-03-14,ENT-01,Zone North 89011,Logistics,522.63,131.69,51,282,Completed,120
F-001582,2026-03-14,ENT-02,Zone West Central,Express,554.19,95.61,65,302,Completed,95
F-001583,2026-03-14,ENT-03,Downtown Corridor,Fleet,507.63,197.28,57,280,Completed,140
F-001584,2026-03-14,ENT-04,Henderson South,Logistics,456.12,147.04,45,196,Delayed,110
F-001585,2026-03-14,ENT-05,Summerlin,Express,630.22,131.84,73,338,Delayed,125
F-001586,2026-03-14,ENT-06,Strip Core,Fleet,925.24,215.5,98,468,Completed,190
F-001587,2026-03-14,ENT-07,North Las Vegas,Logistics,480.1,99.63,46,221,Completed,105
F-001588,2026-03-14,ENT-08,Spring Valley,Express,465.93,83.61,45,216,Completed,90
F-001589,2026-03-14,ENT-09,Airport Corridor,Fleet,645.2,165.19,71,309,Completed,160
F-001590,2026-03-14,ENT-10,Boulder Highway,Logistics,356.63,113.72,41,204,Completed,100
F-001591,2026-03-15,ENT-01,Zone North 89011,Logistics,585.82,124.99,58,282,Completed,120
F-001592,2026-03-15,ENT-02,Zone West Central,Express,543.79,90.68,54,254,Completed,95
F-001593,2026-03-15,ENT-03,Downtown Corridor,Fleet,512.93,184.13,50,217,Completed,140
F-001594,2026-03-15,ENT-04,Henderson South,Logistics,617.55,122.05,70,327,Completed,110
F-001595,2026-03-15,ENT-05,Summerlin,Express,719.03,128.81,73,359,Completed,125
F-001596,2026-03-15,ENT-06,Strip Core,Fleet,928.0,218.15,108,579,Completed,190
F-001597,2026-03-15,ENT-07,North Las Vegas,Logistics,415.45,109.39,48,246,Completed,105
F-001598,2026-03-15,ENT-08,Spring Valley,Express,495.16,88.86,57,292,Completed,90
F-001599,2026-03-15,ENT-09,Airport Corridor,Fleet,643.72,161.78,69,336,Completed,160
F-001600,2026-03-15,ENT-10,Boulder Highway,Logistics,372.34,110.1,36,179,Completed,100
F-001601,2026-03-16,ENT-01,Zone North 89011,Logistics,537.1,125.21,62,293,Completed,120
F-001602,2026-03-16,ENT-02,Zone West Central,Express,467.46,95.44,47,238,Completed,95
F-001603,2026-03-16,ENT-03,Downtown Corridor,Fleet,627.72,189.73,68,312,Completed,140
F-001604,2026-03-16,ENT-04,Henderson South,Logistics,467.9,123.27,49,245,Completed,110
F-001605,2026-03-16,ENT-05,Summerlin,Express,607.5,120.36,70,338,Completed,125
F-001606,2026-03-16,ENT-06,Strip Core,Fleet,738.24,231.23,83,400,Completed,190
F-001607,2026-03-16,ENT-07,North Las Vegas,Logistics,489.38,112.45,51,262,Completed,105
F-001608,2026-03-16,ENT-08,Spring Valley,Express,381.56,90.71,40,221,Completed,90
F-001609,2026-03-16,ENT-09,Airport Corridor,Fleet,718.43,161.72,82,377,Completed,160
F-001610,2026-03-16,ENT-10,Boulder Highway,Logistics,0.0,38.1,0,30,Cancelled,100
F-001611,2026-03-17,ENT-01,Zone North 89011,Logistics,486.59,125.17,53,290,Completed,120
F-001612,2026-03-17,ENT-02,Zone West Central,Express,384.54,104.47,44,206,Completed,95
F-001613,2026-03-17,ENT-03,Downtown Corridor,Fleet,567.39,198.17,56,296,Delayed,140
F-001614,2026-03-17,ENT-04,Henderson South,Logistics,488.12,128.51,53,295,Delayed,110
F-001615,2026-03-17,ENT-05,Summerlin,Express,619.04,140.69,59,302,Completed,125
F-001616,2026-03-17,ENT-06,Strip Core,Fleet,641.05,185.46,71,375,Completed,190
F-001617,2026-03-17,ENT-07,North Las Vegas,Logistics,469.16,103.75,45,232,Completed,105
F-001618,2026-03-17,ENT-08,Spring Valley,Express,410.08,86.53,44,250,Completed,90
F-001619,2026-03-17,ENT-09,Airport Corridor,Fleet,626.74,180.79,66,333,Delayed,160
F-001620,2026-03-17,ENT-10,Boulder Highway,Logistics,382.74,129.94,42,199,Completed,100
F-001621,2026-03-18,ENT-01,Zone North 89011,Logistics,529.0,123.32,58,304,Completed,120
F-001622,2026-03-18,ENT-02,Zone West Central,Express,215.41,213.53,24,125,Completed,95
F-001623,2026-03-18,ENT-03,Downtown Corridor,Fleet,611.28,203.58,61,296,Completed,140
F-001624,2026-03-18,ENT-04,Henderson South,Logistics,522.17,121.06,60,286,Completed,110
F-001625,2026-03-18,ENT-05,Summerlin,Express,536.61,124.57,55,277,Completed,125
F-001626,2026-03-18,ENT-06,Strip Core,Fleet,752.76,215.81,78,411,Completed,190
F-001627,2026-03-18,ENT-07,North Las Vegas,Logistics,421.98,115.58,47,212,Completed,105
F-001628,2026-03-18,ENT-08,Spring Valley,Express,391.23,96.73,41,209,Completed,90
F-001629,2026-03-18,ENT-09,Airport Corridor,Fleet,726.46,164.82,77,391,Completed,160
F-001630,2026-03-18,ENT-10,Boulder Highway,Logistics,360.17,112.64,39,183,Completed,100
F-001631,2026-03-19,ENT-01,Zone North 89011,Logistics,428.11,117.8,43,216,Completed,120
F-001632,2026-03-19,ENT-02,Zone West Central,Express,445.28,93.68,46,222,Completed,95
F-001633,2026-03-19,ENT-03,Downtown Corridor,Fleet,633.93,171.49,74,398,Completed,140
F-001634,2026-03-19,ENT-04,Henderson South,Logistics,474.0,118.66,48,235,Completed,110
F-001635,2026-03-19,ENT-05,Summerlin,Express,611.0,126.95,67,310,Completed,125
F-001636,2026-03-19,ENT-06,Strip Core,Fleet,667.93,216.33,76,391,Completed,190
F-001637,2026-03-19,ENT-07,North Las Vegas,Logistics,417.39,108.09,41,185,Completed,105
F-001638,2026-03-19,ENT-08,Spring Valley,Express,489.81,96.96,56,258,Completed,90
F-001639,2026-03-19,ENT-09,Airport Corridor,Fleet,662.81,169.44,74,375,Completed,160
F-001640,2026-03-19,ENT-10,Boulder Highway,Logistics,350.81,123.56,34,181,Completed,100
F-001641,2026-03-20,ENT-01,Zone North 89011,Logistics,555.94,116.72,56,287,Completed,120
F-001642,2026-03-20,ENT-02,Zone West Central,Express,397.53,94.28,41,188,Completed,95
F-001643,2026-03-20,ENT-03,Downtown Corridor,Fleet,629.11,168.68,69,368,Completed,140
F-001644,2026-03-20,ENT-04,Henderson South,Logistics,493.96,113.02,57,271,Completed,110
F-001645,2026-03-20,ENT-05,Summerlin,Express,569.9,124.24,59,266,Completed,125
F-001646,2026-03-20,ENT-06,Strip Core,Fleet,841.56,230.8,82,430,Completed,190
F-001647,2026-03-20,ENT-07,North Las Vegas,Logistics,387.1,110.04,37,190,Completed,105
F-001648,2026-03-20,ENT-08,Spring Valley,Express,370.72,85.75,43,236,Completed,90
F-001649,2026-03-20,ENT-09,Airport Corridor,Fleet,632.97,185.9,64,331,Completed,160
F-001650,2026-03-20,ENT-10,Boulder Highway,Logistics,430.13,117.77,44,227,Completed,100
F-001651,2026-03-21,ENT-01,Zone North 89011,Logistics,512.94,126.56,50,255,Completed,120
F-001652,2026-03-21,ENT-02,Zone West Central,Express,523.66,90.23,54,293,Completed,95
F-001653,2026-03-21,ENT-03,Downtown Corridor,Fleet,618.51,188.41,71,345,Completed,140
F-001654,2026-03-21,ENT-04,Henderson South,Logistics,511.99,117.7,51,210,Completed,110
F-001655,2026-03-21,ENT-05,Summerlin,Express,723.72,120.75,72,371,Completed,125
F-001656,2026-03-21,ENT-06,Strip Core,Fleet,1069.26,235.6,107,559,Completed,190
F-001657,2026-03-21,ENT-07,North Las Vegas,Logistics,486.18,95.6,49,256,Completed,105
F-001658,2026-03-21,ENT-08,Spring Valley,Express,457.41,92.01,50,247,Completed,90
F-001659,2026-03-21,ENT-09,Airport Corridor,Fleet,701.2,188.85,79,388,Completed,160
F-001660,2026-03-21,ENT-10,Boulder Highway,Logistics,346.85,123.92,38,208,Completed,100
F-001661,2026-03-22,ENT-01,Zone North 89011,Logistics,562.93,123.8,57,295,Completed,120
F-001662,2026-03-22,ENT-02,Zone West Central,Express,488.86,100.47,53,256,Completed,95
F-001663,2026-03-22,ENT-03,Downtown Corridor,Fleet,516.05,180.32,55,274,Completed,140
F-001664,2026-03-22,ENT-04,Henderson South,Logistics,538.97,117.68,60,295,Completed,110
F-001665,2026-03-22,ENT-05,Summerlin,Express,609.13,140.88,59,282,Delayed,125
F-001666,2026-03-22,ENT-06,Strip Core,Fleet,995.74,240.27,103,521,Completed,190
F-001667,2026-03-22,ENT-07,North Las Vegas,Logistics,480.94,104.81,56,299,Completed,105
F-001668,2026-03-22,ENT-08,Spring Valley,Express,487.61,94.42,53,250,Completed,90
F-001669,2026-03-22,ENT-09,Airport Corridor,Fleet,606.39,187.89,63,343,Completed,160
F-001670,2026-03-22,ENT-10,Boulder Highway,Logistics,359.15,123.97,35,180,Completed,100
F-001671,2026-03-23,ENT-01,Zone North 89011,Logistics,506.65,112.46,48,244,Completed,120
F-001672,2026-03-23,ENT-02,Zone West Central,Express,355.62,113.49,39,188,Delayed,95
F-001673,2026-03-23,ENT-03,Downtown Corridor,Fleet,691.81,185.38,74,377,Completed,140
F-001674,2026-03-23,ENT-04,Henderson South,Logistics,418.94,118.84,41,207,Completed,110
F-001675,2026-03-23,ENT-05,Summerlin,Express,625.17,114.85,65,304,Completed,125
F-001676,2026-03-23,ENT-06,Strip Core,Fleet,666.38,204.3,71,383,Completed,190
F-001677,2026-03-23,ENT-07,North Las Vegas,Logistics,476.86,107.32,51,239,Completed,105
F-001678,2026-03-23,ENT-08,Spring Valley,Express,443.4,92.03,44,242,Completed,90
F-001679,2026-03-23,ENT-09,Airport Corridor,Fleet,695.28,172.61,69,327,Completed,160
F-001680,2026-03-23,ENT-10,Boulder Highway,Logistics,393.53,126.6,44,216,Completed,100
F-001681,2026-03-24,ENT-01,Zone North 89011,Logistics,489.83,119.38,57,260,Completed,120
F-001682,2026-03-24,ENT-02,Zone West Central,Express,411.46,96.25,46,227,Completed,95
F-001683,2026-03-24,ENT-03,Downtown Corridor,Fleet,715.51,175.65,73,365,Completed,140
F-001684,2026-03-24,ENT-04,Henderson South,Logistics,568.9,114.18,57,290,Completed,110
F-001685,2026-03-24,ENT-05,Summerlin,Express,574.63,128.4,55,263,Completed,125
F-001686,2026-03-24,ENT-06,Strip Core,Fleet,718.11,200.08,69,372,Completed,190
F-001687,2026-03-24,ENT-07,North Las Vegas,Logistics,420.32,102.24,44,202,Completed,105
F-001688,2026-03-24,ENT-08,Spring Valley,Express,432.15,91.81,44,215,Completed,90
F-001689,2026-03-24,ENT-09,Airport Corridor,Fleet,721.19,164.98,81,381,Completed,160
F-001690,2026-03-24,ENT-10,Boulder Highway,Logistics,384.12,117.12,45,243,Completed,100
F-001691,2026-03-25,ENT-01,Zone North 89011,Logistics,602.68,114.15,60,305,Completed,120
F-001692,2026-03-25,ENT-02,Zone West Central,Express,391.47,99.72,39,191,Completed,95
F-001693,2026-03-25,ENT-03,Downtown Corridor,Fleet,656.25,184.38,66,357,Completed,140
F-001694,2026-03-25,ENT-04,Henderson South,Logistics,432.52,107.65,45,216,Completed,110
F-001695,2026-03-25,ENT-05,Summerlin,Express,524.19,131.82,60,286,Completed,125
F-001696,2026-03-25,ENT-06,Strip Core,Fleet,617.97,225.22,67,334,Completed,190
F-001697,2026-03-25,ENT-07,North Las Vegas,Logistics,418.26,103.94,42,216,Completed,105
F-001698,2026-03-25,ENT-08,Spring Valley,Express,390.79,86.4,44,214,Completed,90
F-001699,2026-03-25,ENT-09,Airport Corridor,Fleet,566.11,194.74,60,317,Delayed,160
F-001700,2026-03-25,ENT-10,Boulder Highway,Logistics,390.41,125.57,43,196,Completed,100
F-001701,2026-03-26,ENT-01,Zone North 89011,Logistics,558.76,136.22,55,254,Completed,120
F-001702,2026-03-26,ENT-02,Zone West Central,Express,408.5,95.41,48,244,Completed,95
F-001703,2026-03-26,ENT-03,Downtown Corridor,Fleet,676.36,171.47,68,314,Completed,140
F-001704,2026-03-26,ENT-04,Henderson South,Logistics,476.27,116.04,52,287,Completed,110
F-001705,2026-03-26,ENT-05,Summerlin,Express,546.04,119.45,58,291,Completed,125
F-001706,2026-03-26,ENT-06,Strip Core,Fleet,814.18,200.06,83,456,Completed,190
F-001707,2026-03-26,ENT-07,North Las Vegas,Logistics,463.18,112.54,51,243,Completed,105
F-001708,2026-03-26,ENT-08,Spring Valley,Express,371.74,98.26,43,227,Completed,90
F-001709,2026-03-26,ENT-09,Airport Corridor,Fleet,697.05,171.53,69,348,Completed,160
F-001710,2026-03-26,ENT-10,Boulder Highway,Logistics,344.62,114.43,34,152,Completed,100
F-001711,2026-03-27,ENT-01,Zone North 89011,Logistics,0.0,41.11,0,30,Cancelled,120
F-001712,2026-03-27,ENT-02,Zone West Central,Express,459.5,97.88,48,251,Completed,95
F-001713,2026-03-27,ENT-03,Downtown Corridor,Fleet,623.37,161.44,72,346,Completed,140
F-001714,2026-03-27,ENT-04,Henderson South,Logistics,500.37,114.95,56,291,Completed,110
F-001715,2026-03-27,ENT-05,Summerlin,Express,585.88,116.55,59,278,Completed,125
F-001716,2026-03-27,ENT-06,Strip Core,Fleet,859.29,225.8,90,472,Completed,190
F-001717,2026-03-27,ENT-07,North Las Vegas,Logistics,416.06,100.79,45,230,Completed,105
F-001718,2026-03-27,ENT-08,Spring Valley,Express,386.7,81.61,40,184,Completed,90
F-001719,2026-03-27,ENT-09,Airport Corridor,Fleet,683.73,181.29,79,406,Completed,160
F-001720,2026-03-27,ENT-10,Boulder Highway,Logistics,376.11,111.87,37,155,Completed,100
F-001721,2026-03-28,ENT-01,Zone North 89011,Logistics,607.56,128.74,59,309,Completed,120
F-001722,2026-03-28,ENT-02,Zone West Central,Express,0.0,31.05,0,30,Cancelled,95
F-001723,2026-03-28,ENT-03,Downtown Corridor,Fleet,603.63,164.37,66,307,Completed,140
F-001724,2026-03-28,ENT-04,Henderson South,Logistics,509.04,127.5,53,287,Completed,110
F-001725,2026-03-28,ENT-05,Summerlin,Express,714.39,123.46,78,376,Completed,125
F-001726,2026-03-28,ENT-06,Strip Core,Fleet,1075.78,222.28,123,575,Completed,190
F-001727,2026-03-28,ENT-07,North Las Vegas,Logistics,406.56,103.05,47,240,Delayed,105
F-001728,2026-03-28,ENT-08,Spring Valley,Express,442.09,87.64,46,224,Completed,90
F-001729,2026-03-28,ENT-09,Airport Corridor,Fleet,674.68,171.21,73,381,Completed,160
F-001730,2026-03-28,ENT-10,Boulder Highway,Logistics,356.31,124.47,39,174,Completed,100
F-001731,2026-03-29,ENT-01,Zone North 89011,Logistics,634.41,135.48,61,275,Completed,120
F-001732,2026-03-29,ENT-02,Zone West Central,Express,521.88,94.82,60,285,Completed,95
F-001733,2026-03-29,ENT-03,Downtown Corridor,Fleet,455.86,191.15,44,238,Completed,140
F-001734,2026-03-29,ENT-04,Henderson South,Logistics,435.88,114.64,43,218,Completed,110
F-001735,2026-03-29,ENT-05,Summerlin,Express,734.67,138.92,77,426,Delayed,125
F-001736,2026-03-29,ENT-06,Strip Core,Fleet,930.55,248.05,97,504,Delayed,190
F-001737,2026-03-29,ENT-07,North Las Vegas,Logistics,377.55,106.47,43,229,Completed,105
F-001738,2026-03-29,ENT-08,Spring Valley,Express,428.75,86.92,41,216,Completed,90
F-001739,2026-03-29,ENT-09,Airport Corridor,Fleet,689.02,179.3,68,346,Completed,160
F-001740,2026-03-29,ENT-10,Boulder Highway,Logistics,412.57,118.58,41,228,Completed,100
F-001741,2026-03-30,ENT-01,Zone North 89011,Logistics,490.58,140.37,47,237,Completed,120
F-001742,2026-03-30,ENT-02,Zone West Central,Express,482.12,90.51,49,205,Completed,95
F-001743,2026-03-30,ENT-03,Downtown Corridor,Fleet,599.93,209.76,61,306,Delayed,140
F-001744,2026-03-30,ENT-04,Henderson South,Logistics,568.16,116.0,55,285,Completed,110
F-001745,2026-03-30,ENT-05,Summerlin,Express,629.82,113.92,73,370,Completed,125
F-001746,2026-03-30,ENT-06,Strip Core,Fleet,798.16,208.02,83,429,Completed,190
F-001747,2026-03-30,ENT-07,North Las Vegas,Logistics,392.38,109.02,43,202,Completed,105
F-001748,2026-03-30,ENT-08,Spring Valley,Express,437.54,92.38,46,204,Completed,90
F-001749,2026-03-30,ENT-09,Airport Corridor,Fleet,773.59,186.72,85,449,Completed,160
F-001750,2026-03-30,ENT-10,Boulder Highway,Logistics,420.59,126.28,48,256,Completed,100
F-001751,2026-03-31,ENT-01,Zone North 89011,Logistics,508.42,112.37,50,242,Completed,120
F-001752,2026-03-31,ENT-02,Zone West Central,Express,436.08,95.07,43,214,Completed,95
F-001753,2026-03-31,ENT-03,Downtown Corridor,Fleet,640.01,174.19,69,321,Completed,140
F-001754,2026-03-31,ENT-04,Henderson South,Logistics,560.97,115.3,55,286,Completed,110
F-001755,2026-03-31,ENT-05,Summerlin,Express,530.54,128.77,60,322,Completed,125
F-001756,2026-03-31,ENT-06,Strip Core,Fleet,734.52,208.38,74,402,Completed,190
F-001757,2026-03-31,ENT-07,North Las Vegas,Logistics,491.05,113.53,49,239,Completed,105
F-001758,2026-03-31,ENT-08,Spring Valley,Express,369.77,88.47,39,212,Completed,90
F-001759,2026-03-31,ENT-09,Airport Corridor,Fleet,700.3,191.35,76,360,Completed,160
F-001760,2026-03-31,ENT-10,Boulder Highway,Logistics,278.01,133.85,32,158,Delayed,100
F-001761,2026-04-01,ENT-01,Zone North 89011,Logistics,504.39,125.18,56,292,Completed,120
F-001762,2026-04-01,ENT-02,Zone West Central,Express,450.21,104.09,51,280,Completed,95
F-001763,2026-04-01,ENT-03,Downtown Corridor,Fleet,632.13,187.25,64,332,Completed,140
F-001764,2026-04-01,ENT-04,Henderson South,Logistics,511.4,121.22,51,253,Completed,110
F-001765,2026-04-01,ENT-05,Summerlin,Express,603.69,133.1,66,340,Completed,125
F-001766,2026-04-01,ENT-06,Strip Core,Fleet,768.93,219.9,81,400,Completed,190
F-001767,2026-04-01,ENT-07,North Las Vegas,Logistics,521.76,117.45,55,284,Completed,105
F-001768,2026-04-01,ENT-08,Spring Valley,Express,397.06,97.17,43,218,Completed,90
F-001769,2026-04-01,ENT-09,Airport Corridor,Fleet,646.36,195.28,70,324,Delayed,160
F-001770,2026-04-01,ENT-10,Boulder Highway,Logistics,409.51,116.24,39,174,Completed,100
F-001771,2026-04-02,ENT-01,Zone North 89011,Logistics,570.32,137.87,63,287,Completed,120
F-001772,2026-04-02,ENT-02,Zone West Central,Express,397.7,95.58,40,177,Completed,95
F-001773,2026-04-02,ENT-03,Downtown Corridor,Fleet,617.64,191.91,68,342,Completed,140
F-001774,2026-04-02,ENT-04,Henderson South,Logistics,510.39,112.33,53,238,Completed,110
F-001775,2026-04-02,ENT-05,Summerlin,Express,558.39,118.27,59,317,Completed,125
F-001776,2026-04-02,ENT-06,Strip Core,Fleet,760.87,232.88,76,371,Completed,190
F-001777,2026-04-02,ENT-07,North Las Vegas,Logistics,444.26,104.2,43,193,Completed,105
F-001778,2026-04-02,ENT-08,Spring Valley,Express,411.2,92.9,43,198,Completed,90
F-001779,2026-04-02,ENT-09,Airport Corridor,Fleet,670.89,183.52,65,318,Completed,160
F-001780,2026-04-02,ENT-10,Boulder Highway,Logistics,375.08,113.06,39,198,Completed,100
F-001781,2026-04-03,ENT-01,Zone North 89011,Logistics,478.77,117.01,53,289,Completed,120
F-001782,2026-04-03,ENT-02,Zone West Central,Express,393.22,94.74,41,193,Completed,95
F-001783,2026-04-03,ENT-03,Downtown Corridor,Fleet,687.84,183.41,80,428,Completed,140
F-001784,2026-04-03,ENT-04,Henderson South,Logistics,532.42,113.64,62,294,Completed,110
F-001785,2026-04-03,ENT-05,Summerlin,Express,606.27,129.36,68,356,Completed,125
F-001786,2026-04-03,ENT-06,Strip Core,Fleet,740.86,228.23,81,391,Completed,190
F-001787,2026-04-03,ENT-07,North Las Vegas,Logistics,422.25,110.97,43,212,Completed,105
F-001788,2026-04-03,ENT-08,Spring Valley,Express,444.93,90.05,44,232,Completed,90
F-001789,2026-04-03,ENT-09,Airport Corridor,Fleet,693.11,163.68,72,356,Completed,160
F-001790,2026-04-03,ENT-10,Boulder Highway,Logistics,323.34,116.3,32,161,Completed,100
F-001791,2026-04-04,ENT-01,Zone North 89011,Logistics,653.03,132.14,74,381,Completed,120
F-001792,2026-04-04,ENT-02,Zone West Central,Express,610.22,103.46,62,306,Completed,95
F-001793,2026-04-04,ENT-03,Downtown Corridor,Fleet,518.51,182.71,56,265,Completed,140
F-001794,2026-04-04,ENT-04,Henderson South,Logistics,539.64,108.12,53,282,Completed,110
F-001795,2026-04-04,ENT-05,Summerlin,Express,798.69,118.92,78,373,Completed,125
F-001796,2026-04-04,ENT-06,Strip Core,Fleet,1038.39,210.41,113,508,Completed,190
F-001797,2026-04-04,ENT-07,North Las Vegas,Logistics,418.29,113.57,42,161,Completed,105
F-001798,2026-04-04,ENT-08,Spring Valley,Express,415.08,95.82,42,189,Completed,90
F-001799,2026-04-04,ENT-09,Airport Corridor,Fleet,594.2,177.45,65,298,Completed,160
F-001800,2026-04-04,ENT-10,Boulder Highway,Logistics,398.37,129.01,44,211,Completed,100
F-001801,2026-04-05,ENT-01,Zone North 89011,Logistics,651.8,127.97,67,371,Completed,120
F-001802,2026-04-05,ENT-02,Zone West Central,Express,453.97,114.8,48,221,Completed,95
F-001803,2026-04-05,ENT-03,Downtown Corridor,Fleet,591.18,169.82,69,324,Completed,140
F-001804,2026-04-05,ENT-04,Henderson South,Logistics,518.72,115.44,56,271,Completed,110
F-001805,2026-04-05,ENT-05,Summerlin,Express,773.95,127.29,89,456,Completed,125
F-001806,2026-04-05,ENT-06,Strip Core,Fleet,1024.04,215.21,100,484,Completed,190
F-001807,2026-04-05,ENT-07,North Las Vegas,Logistics,425.36,94.5,41,217,Completed,105
F-001808,2026-04-05,ENT-08,Spring Valley,Express,449.2,95.11,44,205,Completed,90
F-001809,2026-04-05,ENT-09,Airport Corridor,Fleet,651.25,168.65,72,335,Completed,160
F-001810,2026-04-05,ENT-10,Boulder Highway,Logistics,380.72,120.06,42,182,Completed,100
F-001811,2026-04-06,ENT-01,Zone North 89011,Logistics,499.98,132.98,52,262,Completed,120
F-001812,2026-04-06,ENT-02,Zone West Central,Express,433.73,96.41,42,211,Completed,95
F-001813,2026-04-06,ENT-03,Downtown Corridor,Fleet,644.39,175.31,74,384,Completed,140
F-001814,2026-04-06,ENT-04,Henderson South,Logistics,586.17,107.24,59,258,Completed,110
F-001815,2026-04-06,ENT-05,Summerlin,Express,651.71,127.48,74,360,Completed,125
F-001816,2026-04-06,ENT-06,Strip Core,Fleet,801.93,223.08,81,385,Completed,190
F-001817,2026-04-06,ENT-07,North Las Vegas,Logistics,398.34,108.7,41,188,Completed,105
F-001818,2026-04-06,ENT-08,Spring Valley,Express,358.07,100.94,37,182,Completed,90
F-001819,2026-04-06,ENT-09,Airport Corridor,Fleet,673.73,163.82,67,315,Completed,160
F-001820,2026-04-06,ENT-10,Boulder Highway,Logistics,347.15,126.52,35,150,Completed,100
F-001821,2026-04-07,ENT-01,Zone North 89011,Logistics,519.5,125.23,53,262,Completed,120
F-001822,2026-04-07,ENT-02,Zone West Central,Express,458.72,92.96,54,287,Completed,95
F-001823,2026-04-07,ENT-03,Downtown Corridor,Fleet,565.48,166.71,61,294,Completed,140
F-001824,2026-04-07,ENT-04,Henderson South,Logistics,493.81,121.81,56,253,Completed,110
F-001825,2026-04-07,ENT-05,Summerlin,Express,601.72,116.04,64,319,Completed,125
F-001826,2026-04-07,ENT-06,Strip Core,Fleet,722.97,208.79,79,433,Completed,190
F-001827,2026-04-07,ENT-07,North Las Vegas,Logistics,488.59,100.5,51,256,Completed,105
F-001828,2026-04-07,ENT-08,Spring Valley,Express,323.75,89.82,31,166,Completed,90
F-001829,2026-04-07,ENT-09,Airport Corridor,Fleet,817.74,167.61,78,413,Completed,160
F-001830,2026-04-07,ENT-10,Boulder Highway,Logistics,401.62,138.91,40,202,Completed,100
F-001831,2026-04-08,ENT-01,Zone North 89011,Logistics,505.52,126.02,57,301,Completed,120
F-001832,2026-04-08,ENT-02,Zone West Central,Express,437.31,97.25,49,260,Completed,95
F-001833,2026-04-08,ENT-03,Downtown Corridor,Fleet,664.07,174.04,72,351,Completed,140
F-001834,2026-04-08,ENT-04,Henderson South,Logistics,450.79,125.58,45,225,Completed,110
F-001835,2026-04-08,ENT-05,Summerlin,Express,603.35,125.89,69,378,Completed,125
F-001836,2026-04-08,ENT-06,Strip Core,Fleet,695.85,215.39,81,392,Completed,190
F-001837,2026-04-08,ENT-07,North Las Vegas,Logistics,442.49,99.57,46,232,Completed,105
F-001838,2026-04-08,ENT-08,Spring Valley,Express,424.45,94.22,41,195,Completed,90
F-001839,2026-04-08,ENT-09,Airport Corridor,Fleet,712.22,178.12,76,363,Completed,160
F-001840,2026-04-08,ENT-10,Boulder Highway,Logistics,355.23,118.82,41,232,Completed,100
F-001841,2026-04-09,ENT-01,Zone North 89011,Logistics,507.98,126.99,50,264,Completed,120
F-001842,2026-04-09,ENT-02,Zone West Central,Express,449.9,106.23,53,272,Completed,95
F-001843,2026-04-09,ENT-03,Downtown Corridor,Fleet,591.7,177.94,62,316,Completed,140
F-001844,2026-04-09,ENT-04,Henderson South,Logistics,549.64,114.94,57,308,Completed,110
F-001845,2026-04-09,ENT-05,Summerlin,Express,540.47,125.91,59,283,Completed,125
F-001846,2026-04-09,ENT-06,Strip Core,Fleet,844.15,233.03,86,404,Completed,190
F-001847,2026-04-09,ENT-07,North Las Vegas,Logistics,402.21,121.13,45,234,Completed,105
F-001848,2026-04-09,ENT-08,Spring Valley,Express,367.88,95.13,39,194,Completed,90
F-001849,2026-04-09,ENT-09,Airport Corridor,Fleet,753.87,162.89,82,403,Completed,160
F-001850,2026-04-09,ENT-10,Boulder Highway,Logistics,347.18,123.32,38,204,Completed,100
F-001851,2026-04-10,ENT-01,Zone North 89011,Logistics,497.6,120.9,50,245,Completed,120
F-001852,2026-04-10,ENT-02,Zone West Central,Express,432.02,95.73,48,241,Completed,95
F-001853,2026-04-10,ENT-03,Downtown Corridor,Fleet,622.34,175.23,61,303,Completed,140
F-001854,2026-04-10,ENT-04,Henderson South,Logistics,502.62,122.72,48,251,Completed,110
F-001855,2026-04-10,ENT-05,Summerlin,Express,0.0,41.58,0,30,Cancelled,125
F-001856,2026-04-10,ENT-06,Strip Core,Fleet,647.24,236.14,72,370,Delayed,190
F-001857,2026-04-10,ENT-07,North Las Vegas,Logistics,495.95,99.91,57,270,Completed,105
F-001858,2026-04-10,ENT-08,Spring Valley,Express,430.53,80.25,43,209,Completed,90
F-001859,2026-04-10,ENT-09,Airport Corridor,Fleet,597.68,176.02,60,310,Completed,160
F-001860,2026-04-10,ENT-10,Boulder Highway,Logistics,426.9,107.86,47,215,Completed,100
F-001861,2026-04-11,ENT-01,Zone North 89011,Logistics,631.7,125.81,70,366,Completed,120
F-001862,2026-04-11,ENT-02,Zone West Central,Express,525.05,97.14,61,297,Completed,95
F-001863,2026-04-11,ENT-03,Downtown Corridor,Fleet,522.11,162.89,53,237,Completed,140
F-001864,2026-04-11,ENT-04,Henderson South,Logistics,598.25,123.11,64,319,Completed,110
F-001865,2026-04-11,ENT-05,Summerlin,Express,698.67,118.63,71,364,Completed,125
F-001866,2026-04-11,ENT-06,Strip Core,Fleet,1064.1,235.18,116,549,Completed,190
F-001867,2026-04-11,ENT-07,North Las Vegas,Logistics,479.83,107.63,53,289,Completed,105
F-001868,2026-04-11,ENT-08,Spring Valley,Express,473.39,93.46,45,218,Completed,90
F-001869,2026-04-11,ENT-09,Airport Corridor,Fleet,721.28,170.86,80,438,Completed,160
F-001870,2026-04-11,ENT-10,Boulder Highway,Logistics,412.84,122.32,39,193,Completed,100
F-001871,2026-04-12,ENT-01,Zone North 89011,Logistics,595.83,128.89,60,278,Completed,120
F-001872,2026-04-12,ENT-02,Zone West Central,Express,569.34,90.1,62,298,Completed,95
F-001873,2026-04-12,ENT-03,Downtown Corridor,Fleet,623.85,164.42,68,323,Completed,140
F-001874,2026-04-12,ENT-04,Henderson South,Logistics,588.19,108.93,63,337,Completed,110
F-001875,2026-04-12,ENT-05,Summerlin,Express,721.0,129.24,79,405,Completed,125
F-001876,2026-04-12,ENT-06,Strip Core,Fleet,1071.82,223.39,115,599,Delayed,190
F-001877,2026-04-12,ENT-07,North Las Vegas,Logistics,431.6,105.82,41,205,Completed,105
F-001878,2026-04-12,ENT-08,Spring Valley,Express,374.97,89.05,40,195,Completed,90
F-001879,2026-04-12,ENT-09,Airport Corridor,Fleet,596.27,185.54,61,323,Completed,160
F-001880,2026-04-12,ENT-10,Boulder Highway,Logistics,337.11,124.09,38,213,Completed,100
F-001881,2026-04-13,ENT-01,Zone North 89011,Logistics,564.01,121.79,55,253,Completed,120
F-001882,2026-04-13,ENT-02,Zone West Central,Express,430.94,82.94,41,183,Completed,95
F-001883,2026-04-13,ENT-03,Downtown Corridor,Fleet,690.33,192.51,67,287,Completed,140
F-001884,2026-04-13,ENT-04,Henderson South,Logistics,534.33,118.56,52,281,Completed,110
F-001885,2026-04-13,ENT-05,Summerlin,Express,595.65,121.59,66,356,Completed,125
F-001886,2026-04-13,ENT-06,Strip Core,Fleet,837.6,207.49,89,449,Completed,190
F-001887,2026-04-13,ENT-07,North Las Vegas,Logistics,436.44,114.55,43,207,Completed,105
F-001888,2026-04-13,ENT-08,Spring Valley,Express,365.75,87.54,42,192,Completed,90
F-001889,2026-04-13,ENT-09,Airport Corridor,Fleet,732.37,157.63,83,395,Completed,160
F-001890,2026-04-13,ENT-10,Boulder Highway,Logistics,439.41,121.84,45,202,Completed,100
F-001891,2026-04-14,ENT-01,Zone North 89011,Logistics,570.99,119.78,63,285,Completed,120
F-001892,2026-04-14,ENT-02,Zone West Central,Express,445.3,94.62,44,193,Completed,95
F-001893,2026-04-14,ENT-03,Downtown Corridor,Fleet,628.77,190.45,68,335,Completed,140
F-001894,2026-04-14,ENT-04,Henderson South,Logistics,501.77,111.47,55,276,Completed,110
F-001895,2026-04-14,ENT-05,Summerlin,Express,575.37,119.83,62,325,Completed,125
F-001896,2026-04-14,ENT-06,Strip Core,Fleet,772.25,211.58,78,420,Completed,190
F-001897,2026-04-14,ENT-07,North Las Vegas,Logistics,482.58,108.09,55,281,Completed,105
F-001898,2026-04-14,ENT-08,Spring Valley,Express,456.14,88.87,48,238,Completed,90
F-001899,2026-04-14,ENT-09,Airport Corridor,Fleet,656.62,172.1,77,407,Completed,160
F-001900,2026-04-14,ENT-10,Boulder Highway,Logistics,404.44,121.39,40,214,Completed,100
F-001901,2026-04-15,ENT-01,Zone North 89011,Logistics,502.08,131.48,49,270,Completed,120
F-001902,2026-04-15,ENT-02,Zone West Central,Express,376.04,92.84,38,186,Completed,95
F-001903,2026-04-15,ENT-03,Downtown Corridor,Fleet,674.67,188.65,70,351,Completed,140
F-001904,2026-04-15,ENT-04,Henderson South,Logistics,427.35,119.13,48,230,Completed,110
F-001905,2026-04-15,ENT-05,Summerlin,Express,579.71,112.44,64,326,Completed,125
F-001906,2026-04-15,ENT-06,Strip Core,Fleet,769.88,204.46,87,448,Completed,190
F-001907,2026-04-15,ENT-07,North Las Vegas,Logistics,517.37,113.73,60,273,Completed,105
F-001908,2026-04-15,ENT-08,Spring Valley,Express,381.95,84.36,42,218,Completed,90
F-001909,2026-04-15,ENT-09,Airport Corridor,Fleet,699.79,178.02,79,401,Completed,160
F-001910,2026-04-15,ENT-10,Boulder Highway,Logistics,417.07,111.81,48,248,Completed,100
F-001911,2026-04-16,ENT-01,Zone North 89011,Logistics,536.28,120.11,55,293,Completed,120
F-001912,2026-04-16,ENT-02,Zone West Central,Express,425.36,91.54,45,217,Completed,95
F-001913,2026-04-16,ENT-03,Downtown Corridor,Fleet,678.85,180.18,75,352,Completed,140
F-001914,2026-04-16,ENT-04,Henderson South,Logistics,447.35,108.77,47,240,Delayed,110
F-001915,2026-04-16,ENT-05,Summerlin,Express,636.69,122.45,74,357,Completed,125
F-001916,2026-04-16,ENT-06,Strip Core,Fleet,896.66,199.86,101,534,Completed,190
F-001917,2026-04-16,ENT-07,North Las Vegas,Logistics,448.44,103.79,49,254,Completed,105
F-001918,2026-04-16,ENT-08,Spring Valley,Express,420.37,85.49,48,240,Completed,90
F-001919,2026-04-16,ENT-09,Airport Corridor,Fleet,715.05,153.35,81,452,Completed,160
F-001920,2026-04-16,ENT-10,Boulder Highway,Logistics,377.4,123.51,36,159,Completed,100
F-001921,2026-04-17,ENT-01,Zone North 89011,Logistics,554.05,119.97,60,293,Completed,120
F-001922,2026-04-17,ENT-02,Zone West Central,Express,388.15,91.81,39,197,Completed,95
F-001923,2026-04-17,ENT-03,Downtown Corridor,Fleet,684.74,180.98,66,363,Completed,140
F-001924,2026-04-17,ENT-04,Henderson South,Logistics,518.16,119.68,56,290,Completed,110
F-001925,2026-04-17,ENT-05,Summerlin,Express,595.37,117.43,67,296,Completed,125
F-001926,2026-04-17,ENT-06,Strip Core,Fleet,763.34,224.91,81,425,Completed,190
F-001927,2026-04-17,ENT-07,North Las Vegas,Logistics,353.15,111.54,36,197,Completed,105
F-001928,2026-04-17,ENT-08,Spring Valley,Express,383.82,89.58,44,241,Completed,90
F-001929,2026-04-17,ENT-09,Airport Corridor,Fleet,682.49,183.02,78,367,Completed,160
F-001930,2026-04-17,ENT-10,Boulder Highway,Logistics,355.66,121.67,40,181,Completed,100
F-001931,2026-04-18,ENT-01,Zone North 89011,Logistics,591.2,128.06,61,317,Completed,120
F-001932,2026-04-18,ENT-02,Zone West Central,Express,584.05,96.7,68,358,Completed,95
F-001933,2026-04-18,ENT-03,Downtown Corridor,Fleet,533.4,173.75,52,263,Completed,140
F-001934,2026-04-18,ENT-04,Henderson South,Logistics,517.92,109.19,53,276,Completed,110
F-001935,2026-04-18,ENT-05,Summerlin,Express,698.86,136.14,80,383,Completed,125
F-001936,2026-04-18,ENT-06,Strip Core,Fleet,1091.74,232.58,115,535,Completed,190
F-001937,2026-04-18,ENT-07,North Las Vegas,Logistics,438.3,108.94,43,209,Completed,105
F-001938,2026-04-18,ENT-08,Spring Valley,Express,467.25,85.08,45,220,Completed,90
F-001939,2026-04-18,ENT-09,Airport Corridor,Fleet,564.59,169.51,65,318,Completed,160
F-001940,2026-04-18,ENT-10,Boulder Highway,Logistics,321.43,120.65,36,158,Completed,100
F-001941,2026-04-19,ENT-01,Zone North 89011,Logistics,641.28,116.62,74,371,Completed,120
F-001942,2026-04-19,ENT-02,Zone West Central,Express,576.03,93.22,67,318,Completed,95
F-001943,2026-04-19,ENT-03,Downtown Corridor,Fleet,624.03,183.84,70,345,Completed,140
F-001944,2026-04-19,ENT-04,Henderson South,Logistics,566.65,113.99,58,293,Completed,110
F-001945,2026-04-19,ENT-05,Summerlin,Express,655.28,120.7,64,303,Completed,125
F-001946,2026-04-19,ENT-06,Strip Core,Fleet,978.53,218.59,96,504,Completed,190
F-001947,2026-04-19,ENT-07,North Las Vegas,Logistics,360.74,104.28,40,194,Completed,105
F-001948,2026-04-19,ENT-08,Spring Valley,Express,445.95,95.85,50,249,Delayed,90
F-001949,2026-04-19,ENT-09,Airport Corridor,Fleet,730.17,190.12,72,334,Completed,160
F-001950,2026-04-19,ENT-10,Boulder Highway,Logistics,400.47,120.07,43,193,Completed,100
F-001951,2026-04-20,ENT-01,Zone North 89011,Logistics,475.01,134.42,54,287,Completed,120
F-001952,2026-04-20,ENT-02,Zone West Central,Express,408.59,97.16,42,212,Completed,95
F-001953,2026-04-20,ENT-03,Downtown Corridor,Fleet,0.0,66.35,0,30,Cancelled,140
F-001954,2026-04-20,ENT-04,Henderson South,Logistics,535.05,122.76,53,269,Completed,110
F-001955,2026-04-20,ENT-05,Summerlin,Express,551.48,130.26,54,273,Delayed,125
F-001956,2026-04-20,ENT-06,Strip Core,Fleet,723.92,222.84,78,388,Completed,190
F-001957,2026-04-20,ENT-07,North Las Vegas,Logistics,474.33,106.75,52,245,Completed,105
F-001958,2026-04-20,ENT-08,Spring Valley,Express,446.15,93.21,45,214,Completed,90
F-001959,2026-04-20,ENT-09,Airport Corridor,Fleet,727.67,153.5,79,394,Completed,160
F-001960,2026-04-20,ENT-10,Boulder Highway,Logistics,398.9,137.8,39,173,Completed,100
F-001961,2026-04-21,ENT-01,Zone North 89011,Logistics,547.17,122.55,58,262,Completed,120
F-001962,2026-04-21,ENT-02,Zone West Central,Express,373.0,96.56,41,228,Completed,95
F-001963,2026-04-21,ENT-03,Downtown Corridor,Fleet,740.01,187.81,86,410,Completed,140
F-001964,2026-04-21,ENT-04,Henderson South,Logistics,482.07,117.53,56,304,Completed,110
F-001965,2026-04-21,ENT-05,Summerlin,Express,0.0,45.27,0,30,Cancelled,125
F-001966,2026-04-21,ENT-06,Strip Core,Fleet,758.99,202.59,80,415,Completed,190
F-001967,2026-04-21,ENT-07,North Las Vegas,Logistics,483.36,115.19,50,239,Completed,105
F-001968,2026-04-21,ENT-08,Spring Valley,Express,412.04,93.18,47,245,Completed,90
F-001969,2026-04-21,ENT-09,Airport Corridor,Fleet,695.51,177.51,75,405,Completed,160
F-001970,2026-04-21,ENT-10,Boulder Highway,Logistics,396.75,124.78,38,211,Completed,100
F-001971,2026-04-22,ENT-01,Zone North 89011,Logistics,477.02,123.82,48,210,Completed,120
F-001972,2026-04-22,ENT-02,Zone West Central,Express,449.57,85.11,44,203,Completed,95
F-001973,2026-04-22,ENT-03,Downtown Corridor,Fleet,671.38,185.25,76,354,Completed,140
F-001974,2026-04-22,ENT-04,Henderson South,Logistics,487.83,112.86,53,284,Completed,110
F-001975,2026-04-22,ENT-05,Summerlin,Express,610.84,114.97,68,341,Completed,125
F-001976,2026-04-22,ENT-06,Strip Core,Fleet,758.03,213.32,83,461,Completed,190
F-001977,2026-04-22,ENT-07,North Las Vegas,Logistics,445.12,120.13,46,231,Completed,105
F-001978,2026-04-22,ENT-08,Spring Valley,Express,378.89,89.07,39,209,Completed,90
F-001979,2026-04-22,ENT-09,Airport Corridor,Fleet,720.1,178.59,83,411,Completed,160
F-001980,2026-04-22,ENT-10,Boulder Highway,Logistics,0.0,41.24,0,30,Cancelled,100
F-001981,2026-04-23,ENT-01,Zone North 89011,Logistics,566.51,118.46,55,305,Completed,120
F-001982,2026-04-23,ENT-02,Zone West Central,Express,487.5,97.26,53,271,Completed,95
F-001983,2026-04-23,ENT-03,Downtown Corridor,Fleet,697.84,200.86,69,341,Completed,140
F-001984,2026-04-23,ENT-04,Henderson South,Logistics,609.78,110.22,69,350,Completed,110
F-001985,2026-04-23,ENT-05,Summerlin,Express,519.42,114.21,59,298,Completed,125
F-001986,2026-04-23,ENT-06,Strip Core,Fleet,620.89,232.73,68,392,Delayed,190
F-001987,2026-04-23,ENT-07,North Las Vegas,Logistics,522.04,105.95,60,330,Completed,105
F-001988,2026-04-23,ENT-08,Spring Valley,Express,404.86,86.61,42,222,Completed,90
F-001989,2026-04-23,ENT-09,Airport Corridor,Fleet,745.47,177.18,73,391,Completed,160
F-001990,2026-04-23,ENT-10,Boulder Highway,Logistics,312.95,121.17,34,183,Completed,100
F-001991,2026-04-24,ENT-01,Zone North 89011,Logistics,486.94,134.86,54,301,Delayed,120
F-001992,2026-04-24,ENT-02,Zone West Central,Express,465.42,100.22,47,242,Completed,95
F-001993,2026-04-24,ENT-03,Downtown Corridor,Fleet,664.85,183.49,76,370,Completed,140
F-001994,2026-04-24,ENT-04,Henderson South,Logistics,522.35,115.81,56,267,Completed,110
F-001995,2026-04-24,ENT-05,Summerlin,Express,688.2,121.75,76,391,Completed,125
F-001996,2026-04-24,ENT-06,Strip Core,Fleet,854.83,228.56,83,436,Completed,190
F-001997,2026-04-24,ENT-07,North Las Vegas,Logistics,464.19,97.83,53,273,Completed,105
F-001998,2026-04-24,ENT-08,Spring Valley,Express,378.45,83.89,37,217,Completed,90
F-001999,2026-04-24,ENT-09,Airport Corridor,Fleet,623.02,180.31,69,356,Completed,160
F-002000,2026-04-24,ENT-10,Boulder Highway,Logistics,406.68,113.04,39,181,Completed,100
F-002001,2026-04-25,ENT-01,Zone North 89011,Logistics,654.62,133.16,69,347,Completed,120
F-002002,2026-04-25,ENT-02,Zone West Central,Express,515.73,98.85,51,231,Completed,95
F-002003,2026-04-25,ENT-03,Downtown Corridor,Fleet,445.28,180.16,46,241,Completed,140
F-002004,2026-04-25,ENT-04,Henderson South,Logistics,434.53,113.8,47,239,Completed,110
F-002005,2026-04-25,ENT-05,Summerlin,Express,751.99,119.49,75,371,Completed,125
F-002006,2026-04-25,ENT-06,Strip Core,Fleet,790.77,223.59,78,392,Delayed,190
F-002007,2026-04-25,ENT-07,North Las Vegas,Logistics,456.89,98.86,47,222,Completed,105
F-002008,2026-04-25,ENT-08,Spring Valley,Express,460.15,99.69,45,206,Completed,90
F-002009,2026-04-25,ENT-09,Airport Corridor,Fleet,610.52,181.11,68,350,Delayed,160
F-002010,2026-04-25,ENT-10,Boulder Highway,Logistics,393.79,126.24,44,229,Completed,100
F-002011,2026-04-26,ENT-01,Zone North 89011,Logistics,546.9,123.17,59,323,Completed,120
F-002012,2026-04-26,ENT-02,Zone West Central,Express,463.52,93.05,46,234,Completed,95
F-002013,2026-04-26,ENT-03,Downtown Corridor,Fleet,553.33,178.69,57,269,Completed,140
F-002014,2026-04-26,ENT-04,Henderson South,Logistics,537.88,112.85,58,311,Completed,110
F-002015,2026-04-26,ENT-05,Summerlin,Express,700.74,127.97,77,338,Delayed,125
F-002016,2026-04-26,ENT-06,Strip Core,Fleet,947.15,212.35,99,472,Completed,190
F-002017,2026-04-26,ENT-07,North Las Vegas,Logistics,439.84,104.31,45,231,Completed,105
F-002018,2026-04-26,ENT-08,Spring Valley,Express,482.39,89.63,47,206,Completed,90
F-002019,2026-04-26,ENT-09,Airport Corridor,Fleet,751.46,168.14,83,460,Completed,160
F-002020,2026-04-26,ENT-10,Boulder Highway,Logistics,442.54,118.65,45,218,Completed,100
F-002021,2026-04-27,ENT-01,Zone North 89011,Logistics,0.0,43.96,0,30,Cancelled,120
F-002022,2026-04-27,ENT-02,Zone West Central,Express,475.38,97.3,56,287,Completed,95
F-002023,2026-04-27,ENT-03,Downtown Corridor,Fleet,667.76,173.5,69,349,Completed,140
F-002024,2026-04-27,ENT-04,Henderson South,Logistics,421.07,117.36,42,199,Delayed,110
F-002025,2026-04-27,ENT-05,Summerlin,Express,670.73,122.42,73,398,Completed,125
F-002026,2026-04-27,ENT-06,Strip Core,Fleet,747.11,197.04,73,417,Completed,190
F-002027,2026-04-27,ENT-07,North Las Vegas,Logistics,448.84,116.49,43,211,Completed,105
F-002028,2026-04-27,ENT-08,Spring Valley,Express,403.58,87.23,41,232,Completed,90
F-002029,2026-04-27,ENT-09,Airport Corridor,Fleet,0.0,57.02,0,30,Cancelled,160
F-002030,2026-04-27,ENT-10,Boulder Highway,Logistics,379.4,114.39,36,161,Completed,100
F-002031,2026-04-28,ENT-01,Zone North 89011,Logistics,482.68,121.6,52,286,Completed,120
F-002032,2026-04-28,ENT-02,Zone West Central,Express,468.17,105.63,45,241,Completed,95
F-002033,2026-04-28,ENT-03,Downtown Corridor,Fleet,626.67,170.76,60,326,Completed,140
F-002034,2026-04-28,ENT-04,Henderson South,Logistics,556.0,106.74,58,303,Completed,110
F-002035,2026-04-28,ENT-05,Summerlin,Express,611.53,122.58,62,317,Completed,125
F-002036,2026-04-28,ENT-06,Strip Core,Fleet,771.77,214.65,74,366,Completed,190
F-002037,2026-04-28,ENT-07,North Las Vegas,Logistics,391.08,106.46,43,219,Completed,105
F-002038,2026-04-28,ENT-08,Spring Valley,Express,385.07,94.4,44,221,Completed,90
F-002039,2026-04-28,ENT-09,Airport Corridor,Fleet,685.68,185.76,74,362,Delayed,160
F-002040,2026-04-28,ENT-10,Boulder Highway,Logistics,368.26,118.83,37,201,Completed,100
F-002041,2026-04-29,ENT-01,Zone North 89011,Logistics,506.36,125.15,57,300,Completed,120
F-002042,2026-04-29,ENT-02,Zone West Central,Express,403.82,97.21,42,212,Completed,95
F-002043,2026-04-29,ENT-03,Downtown Corridor,Fleet,686.48,187.08,66,343,Completed,140
F-002044,2026-04-29,ENT-04,Henderson South,Logistics,513.46,131.97,50,273,Completed,110
F-002045,2026-04-29,ENT-05,Summerlin,Express,611.64,133.56,68,350,Completed,125
F-002046,2026-04-29,ENT-06,Strip Core,Fleet,670.71,203.76,68,351,Completed,190
F-002047,2026-04-29,ENT-07,North Las Vegas,Logistics,457.2,111.74,53,216,Completed,105
F-002048,2026-04-29,ENT-08,Spring Valley,Express,386.44,100.33,43,202,Completed,90
F-002049,2026-04-29,ENT-09,Airport Corridor,Fleet,722.12,184.8,76,413,Completed,160
F-002050,2026-04-29,ENT-10,Boulder Highway,Logistics,383.06,136.02,41,193,Completed,100
F-002051,2026-04-30,ENT-01,Zone North 89011,Logistics,574.21,131.53,62,300,Completed,120
F-002052,2026-04-30,ENT-02,Zone West Central,Express,406.92,92.61,39,211,Completed,95
F-002053,2026-04-30,ENT-03,Downtown Corridor,Fleet,708.31,173.97,81,401,Completed,140
F-002054,2026-04-30,ENT-04,Henderson South,Logistics,481.59,107.93,52,259,Completed,110
F-002055,2026-04-30,ENT-05,Summerlin,Express,599.7,130.21,67,347,Completed,125
F-002056,2026-04-30,ENT-06,Strip Core,Fleet,798.01,220.09,83,424,Completed,190
F-002057,2026-04-30,ENT-07,North Las Vegas,Logistics,409.89,127.5,41,208,Completed,105
F-002058,2026-04-30,ENT-08,Spring Valley,Express,404.05,95.53,39,193,Completed,90
F-002059,2026-04-30,ENT-09,Airport Corridor,Fleet,636.32,160.21,74,370,Completed,160
F-002060,2026-04-30,ENT-10,Boulder Highway,Logistics,228.89,320.29,23,123,Completed,100
F-002061,2026-05-01,ENT-01,Zone North 89011,Logistics,551.86,131.68,53,272,Completed,120
F-002062,2026-05-01,ENT-02,Zone West Central,Express,404.85,96.62,45,226,Completed,95
F-002063,2026-05-01,ENT-03,Downtown Corridor,Fleet,756.0,185.69,77,420,Completed,140
F-002064,2026-05-01,ENT-04,Henderson South,Logistics,0.0,42.75,0,30,Cancelled,110
F-002065,2026-05-01,ENT-05,Summerlin,Express,608.32,117.64,71,335,Completed,125
F-002066,2026-05-01,ENT-06,Strip Core,Fleet,860.28,227.71,84,420,Completed,190
F-002067,2026-05-01,ENT-07,North Las Vegas,Logistics,469.14,121.28,52,257,Completed,105
F-002068,2026-05-01,ENT-08,Spring Valley,Express,422.72,89.05,45,254,Completed,90
F-002069,2026-05-01,ENT-09,Airport Corridor,Fleet,655.13,165.99,70,362,Completed,160
F-002070,2026-05-01,ENT-10,Boulder Highway,Logistics,427.64,132.36,48,251,Completed,100
F-002071,2026-05-02,ENT-01,Zone North 89011,Logistics,621.46,123.17,60,286,Completed,120
F-002072,2026-05-02,ENT-02,Zone West Central,Express,526.22,94.63,52,274,Completed,95
F-002073,2026-05-02,ENT-03,Downtown Corridor,Fleet,597.56,178.97,68,361,Completed,140
F-002074,2026-05-02,ENT-04,Henderson South,Logistics,542.41,118.78,54,306,Completed,110
F-002075,2026-05-02,ENT-05,Summerlin,Express,709.08,134.28,81,438,Completed,125
F-002076,2026-05-02,ENT-06,Strip Core,Fleet,1087.68,218.53,119,594,Completed,190
F-002077,2026-05-02,ENT-07,North Las Vegas,Logistics,431.79,117.23,42,210,Delayed,105
F-002078,2026-05-02,ENT-08,Spring Valley,Express,517.95,88.68,60,289,Completed,90
F-002079,2026-05-02,ENT-09,Airport Corridor,Fleet,686.13,187.78,67,312,Completed,160
F-002080,2026-05-02,ENT-10,Boulder Highway,Logistics,380.05,128.6,44,224,Delayed,100
F-002081,2026-05-03,ENT-01,Zone North 89011,Logistics,538.65,130.18,61,322,Completed,120
F-002082,2026-05-03,ENT-02,Zone West Central,Express,551.59,100.55,57,305,Completed,95
F-002083,2026-05-03,ENT-03,Downtown Corridor,Fleet,547.55,177.78,56,298,Completed,140
F-002084,2026-05-03,ENT-04,Henderson South,Logistics,566.48,131.01,62,301,Completed,110
F-002085,2026-05-03,ENT-05,Summerlin,Express,616.22,127.86,63,320,Completed,125
F-002086,2026-05-03,ENT-06,Strip Core,Fleet,1031.74,224.25,112,525,Completed,190
F-002087,2026-05-03,ENT-07,North Las Vegas,Logistics,390.89,115.96,37,195,Delayed,105
F-002088,2026-05-03,ENT-08,Spring Valley,Express,472.63,92.18,48,235,Completed,90
F-002089,2026-05-03,ENT-09,Airport Corridor,Fleet,667.56,183.93,73,380,Completed,160
F-002090,2026-05-03,ENT-10,Boulder Highway,Logistics,399.9,119.88,43,196,Completed,100
F-002091,2026-05-04,ENT-01,Zone North 89011,Logistics,479.29,132.36,54,265,Completed,120
F-002092,2026-05-04,ENT-02,Zone West Central,Express,492.96,92.81,51,252,Completed,95
F-002093,2026-05-04,ENT-03,Downtown Corridor,Fleet,579.53,191.94,66,303,Completed,140
F-002094,2026-05-04,ENT-04,Henderson South,Logistics,484.72,123.06,56,249,Completed,110
F-002095,2026-05-04,ENT-05,Summerlin,Express,561.87,122.65,59,263,Completed,125
F-002096,2026-05-04,ENT-06,Strip Core,Fleet,802.83,203.08,80,416,Completed,190
F-002097,2026-05-04,ENT-07,North Las Vegas,Logistics,469.24,113.96,53,238,Completed,105
F-002098,2026-05-04,ENT-08,Spring Valley,Express,419.01,99.78,40,224,Completed,90
F-002099,2026-05-04,ENT-09,Airport Corridor,Fleet,684.33,152.32,68,341,Completed,160
F-002100,2026-05-04,ENT-10,Boulder Highway,Logistics,388.14,134.11,38,189,Completed,100
F-002101,2026-05-05,ENT-01,Zone North 89011,Logistics,551.92,129.44,60,300,Completed,120
F-002102,2026-05-05,ENT-02,Zone West Central,Express,395.54,88.21,45,230,Completed,95
F-002103,2026-05-05,ENT-03,Downtown Corridor,Fleet,665.47,179.65,70,365,Completed,140
F-002104,2026-05-05,ENT-04,Henderson South,Logistics,556.88,97.32,54,297,Completed,110
F-002105,2026-05-05,ENT-05,Summerlin,Express,574.43,120.46,57,260,Completed,125
F-002106,2026-05-05,ENT-06,Strip Core,Fleet,810.76,218.97,80,430,Completed,190
F-002107,2026-05-05,ENT-07,North Las Vegas,Logistics,429.48,106.4,41,197,Completed,105
F-002108,2026-05-05,ENT-08,Spring Valley,Express,378.73,102.53,43,206,Completed,90
F-002109,2026-05-05,ENT-09,Airport Corridor,Fleet,0.0,62.01,0,30,Cancelled,160
F-002110,2026-05-05,ENT-10,Boulder Highway,Logistics,284.66,127.4,33,185,Delayed,100
F-002111,2026-05-06,ENT-01,Zone North 89011,Logistics,537.12,123.95,58,279,Completed,120
F-002112,2026-05-06,ENT-02,Zone West Central,Express,409.85,95.87,43,243,Completed,95
F-002113,2026-05-06,ENT-03,Downtown Corridor,Fleet,677.65,185.96,72,375,Completed,140
F-002114,2026-05-06,ENT-04,Henderson South,Logistics,530.59,117.53,55,245,Completed,110
F-002115,2026-05-06,ENT-05,Summerlin,Express,653.48,122.64,77,387,Completed,125
F-002116,2026-05-06,ENT-06,Strip Core,Fleet,736.08,236.74,80,423,Completed,190
F-002117,2026-05-06,ENT-07,North Las Vegas,Logistics,487.35,99.44,53,281,Completed,105
F-002118,2026-05-06,ENT-08,Spring Valley,Express,365.98,86.87,35,164,Completed,90
F-002119,2026-05-06,ENT-09,Airport Corridor,Fleet,670.74,165.65,77,406,Completed,160
F-002120,2026-05-06,ENT-10,Boulder Highway,Logistics,371.29,126.99,37,198,Completed,100
F-002121,2026-05-07,ENT-01,Zone North 89011,Logistics,538.85,124.46,53,276,Completed,120
F-002122,2026-05-07,ENT-02,Zone West Central,Express,414.53,88.92,40,192,Completed,95
F-002123,2026-05-07,ENT-03,Downtown Corridor,Fleet,662.55,186.84,74,389,Completed,140
F-002124,2026-05-07,ENT-04,Henderson South,Logistics,522.34,117.65,58,269,Completed,110
F-002125,2026-05-07,ENT-05,Summerlin,Express,624.77,127.21,66,330,Completed,125
F-002126,2026-05-07,ENT-06,Strip Core,Fleet,763.95,221.97,75,358,Completed,190
F-002127,2026-05-07,ENT-07,North Las Vegas,Logistics,450.96,109.19,51,209,Completed,105
F-002128,2026-05-07,ENT-08,Spring Valley,Express,383.79,88.54,43,191,Completed,90
F-002129,2026-05-07,ENT-09,Airport Corridor,Fleet,728.51,173.24,75,371,Completed,160
F-002130,2026-05-07,ENT-10,Boulder Highway,Logistics,384.1,108.65,40,215,Completed,100
F-002131,2026-05-08,ENT-01,Zone North 89011,Logistics,567.06,124.13,66,296,Completed,120
F-002132,2026-05-08,ENT-02,Zone West Central,Express,474.27,89.37,47,228,Completed,95
F-002133,2026-05-08,ENT-03,Downtown Corridor,Fleet,726.73,184.76,75,388,Completed,140
F-002134,2026-05-08,ENT-04,Henderson South,Logistics,561.21,115.95,55,269,Completed,110
F-002135,2026-05-08,ENT-05,Summerlin,Express,585.98,115.58,58,289,Completed,125
F-002136,2026-05-08,ENT-06,Strip Core,Fleet,770.33,214.49,82,406,Completed,190
F-002137,2026-05-08,ENT-07,North Las Vegas,Logistics,460.09,112.97,49,254,Delayed,105
F-002138,2026-05-08,ENT-08,Spring Valley,Express,412.01,91.21,47,216,Completed,90
F-002139,2026-05-08,ENT-09,Airport Corridor,Fleet,774.19,172.62,91,472,Completed,160
F-002140,2026-05-08,ENT-10,Boulder Highway,Logistics,369.14,116.91,40,185,Completed,100
F-002141,2026-05-09,ENT-01,Zone North 89011,Logistics,583.66,126.62,64,335,Completed,120
F-002142,2026-05-09,ENT-02,Zone West Central,Express,525.88,87.91,51,243,Completed,95
F-002143,2026-05-09,ENT-03,Downtown Corridor,Fleet,504.92,200.94,58,272,Delayed,140
F-002144,2026-05-09,ENT-04,Henderson South,Logistics,544.76,118.66,58,296,Completed,110
F-002145,2026-05-09,ENT-05,Summerlin,Express,694.72,128.19,70,351,Completed,125
F-002146,2026-05-09,ENT-06,Strip Core,Fleet,1070.95,213.63,105,533,Completed,190
F-002147,2026-05-09,ENT-07,North Las Vegas,Logistics,462.4,108.11,50,234,Completed,105
F-002148,2026-05-09,ENT-08,Spring Valley,Express,492.05,94.48,47,238,Completed,90
F-002149,2026-05-09,ENT-09,Airport Corridor,Fleet,595.77,168.96,67,308,Completed,160
F-002150,2026-05-09,ENT-10,Boulder Highway,Logistics,424.66,125.91,47,245,Completed,100
F-002151,2026-05-10,ENT-01,Zone North 89011,Logistics,536.04,125.9,56,262,Completed,120
F-002152,2026-05-10,ENT-02,Zone West Central,Express,475.56,103.16,46,254,Completed,95
F-002153,2026-05-10,ENT-03,Downtown Corridor,Fleet,541.36,195.4,54,275,Completed,140
F-002154,2026-05-10,ENT-04,Henderson South,Logistics,605.3,122.03,66,350,Completed,110
F-002155,2026-05-10,ENT-05,Summerlin,Express,675.19,124.57,74,387,Completed,125
F-002156,2026-05-10,ENT-06,Strip Core,Fleet,879.96,248.91,91,412,Delayed,190
F-002157,2026-05-10,ENT-07,North Las Vegas,Logistics,443.67,97.99,44,216,Completed,105
F-002158,2026-05-10,ENT-08,Spring Valley,Express,429.99,91.54,49,225,Completed,90
F-002159,2026-05-10,ENT-09,Airport Corridor,Fleet,609.3,159.21,65,356,Completed,160
F-002160,2026-05-10,ENT-10,Boulder Highway,Logistics,420.12,111.64,48,226,Completed,100
F-002161,2026-05-11,ENT-01,Zone North 89011,Logistics,524.72,136.92,59,283,Completed,120
F-002162,2026-05-11,ENT-02,Zone West Central,Express,423.68,102.24,46,227,Completed,95
F-002163,2026-05-11,ENT-03,Downtown Corridor,Fleet,573.89,178.65,62,303,Completed,140
F-002164,2026-05-11,ENT-04,Henderson South,Logistics,504.83,115.25,49,243,Completed,110
F-002165,2026-05-11,ENT-05,Summerlin,Express,584.05,120.25,68,293,Completed,125
F-002166,2026-05-11,ENT-06,Strip Core,Fleet,675.35,241.9,74,385,Delayed,190
F-002167,2026-05-11,ENT-07,North Las Vegas,Logistics,225.07,242.35,24,117,Completed,105
F-002168,2026-05-11,ENT-08,Spring Valley,Express,418.55,95.65,48,236,Completed,90
F-002169,2026-05-11,ENT-09,Airport Corridor,Fleet,693.5,181.31,72,339,Completed,160
F-002170,2026-05-11,ENT-10,Boulder Highway,Logistics,367.23,125.72,42,225,Completed,100
F-002171,2026-05-12,ENT-01,Zone North 89011,Logistics,497.91,125.29,51,237,Completed,120
F-002172,2026-05-12,ENT-02,Zone West Central,Express,388.88,92.9,45,212,Completed,95
F-002173,2026-05-12,ENT-03,Downtown Corridor,Fleet,660.32,197.54,67,322,Completed,140
F-002174,2026-05-12,ENT-04,Henderson South,Logistics,579.22,119.62,56,298,Completed,110
F-002175,2026-05-12,ENT-05,Summerlin,Express,577.56,133.45,65,301,Completed,125
F-002176,2026-05-12,ENT-06,Strip Core,Fleet,736.65,213.15,81,383,Completed,190
F-002177,2026-05-12,ENT-07,North Las Vegas,Logistics,408.42,102.86,44,230,Completed,105
F-002178,2026-05-12,ENT-08,Spring Valley,Express,422.42,90.72,44,204,Completed,90
F-002179,2026-05-12,ENT-09,Airport Corridor,Fleet,738.04,160.11,73,373,Completed,160
F-002180,2026-05-12,ENT-10,Boulder Highway,Logistics,400.26,107.07,42,193,Completed,100
F-002181,2026-05-13,ENT-01,Zone North 89011,Logistics,541.61,129.98,57,293,Completed,120
F-002182,2026-05-13,ENT-02,Zone West Central,Express,391.46,89.72,41,221,Completed,95
F-002183,2026-05-13,ENT-03,Downtown Corridor,Fleet,597.97,184.6,69,326,Delayed,140
F-002184,2026-05-13,ENT-04,Henderson South,Logistics,514.51,118.14,61,303,Completed,110
F-002185,2026-05-13,ENT-05,Summerlin,Express,573.52,105.33,62,337,Completed,125
F-002186,2026-05-13,ENT-06,Strip Core,Fleet,753.3,210.51,83,391,Completed,190
F-002187,2026-05-13,ENT-07,North Las Vegas,Logistics,464.7,111.06,45,248,Completed,105
F-002188,2026-05-13,ENT-08,Spring Valley,Express,398.87,82.41,39,186,Completed,90
F-002189,2026-05-13,ENT-09,Airport Corridor,Fleet,709.15,178.19,75,395,Completed,160
F-002190,2026-05-13,ENT-10,Boulder Highway,Logistics,362.68,130.06,37,179,Completed,100
F-002191,2026-05-14,ENT-01,Zone North 89011,Logistics,502.7,129.74,54,269,Completed,120
F-002192,2026-05-14,ENT-02,Zone West Central,Express,390.49,114.52,38,186,Delayed,95
F-002193,2026-05-14,ENT-03,Downtown Corridor,Fleet,636.59,176.24,65,356,Completed,140
F-002194,2026-05-14,ENT-04,Henderson South,Logistics,572.93,125.77,60,280,Completed,110
F-002195,2026-05-14,ENT-05,Summerlin,Express,521.19,119.97,52,269,Completed,125
F-002196,2026-05-14,ENT-06,Strip Core,Fleet,797.86,201.63,86,474,Completed,190
F-002197,2026-05-14,ENT-07,North Las Vegas,Logistics,443.63,100.56,45,212,Completed,105
F-002198,2026-05-14,ENT-08,Spring Valley,Express,392.25,100.54,40,210,Completed,90
F-002199,2026-05-14,ENT-09,Airport Corridor,Fleet,604.12,180.57,70,354,Delayed,160
F-002200,2026-05-14,ENT-10,Boulder Highway,Logistics,439.44,115.99,45,229,Completed,100
F-002201,2026-05-15,ENT-01,Zone North 89011,Logistics,0.0,48.78,0,30,Cancelled,120
F-002202,2026-05-15,ENT-02,Zone West Central,Express,469.75,96.92,45,212,Completed,95
F-002203,2026-05-15,ENT-03,Downtown Corridor,Fleet,666.91,173.66,65,337,Completed,140
F-002204,2026-05-15,ENT-04,Henderson South,Logistics,501.2,112.37,48,245,Completed,110
F-002205,2026-05-15,ENT-05,Summerlin,Express,556.42,112.17,61,302,Completed,125
F-002206,2026-05-15,ENT-06,Strip Core,Fleet,875.99,194.01,95,465,Completed,190
F-002207,2026-05-15,ENT-07,North Las Vegas,Logistics,450.63,105.52,48,259,Completed,105
F-002208,2026-05-15,ENT-08,Spring Valley,Express,394.68,100.98,45,212,Completed,90
F-002209,2026-05-15,ENT-09,Airport Corridor,Fleet,819.89,184.89,88,458,Completed,160
F-002210,2026-05-15,ENT-10,Boulder Highway,Logistics,382.48,121.48,44,207,Completed,100
F-002211,2026-05-16,ENT-01,Zone North 89011,Logistics,593.03,122.52,57,274,Completed,120
F-002212,2026-05-16,ENT-02,Zone West Central,Express,570.44,95.72,64,307,Completed,95
F-002213,2026-05-16,ENT-03,Downtown Corridor,Fleet,504.94,176.84,59,305,Completed,140
F-002214,2026-05-16,ENT-04,Henderson South,Logistics,548.19,127.89,59,300,Completed,110
F-002215,2026-05-16,ENT-05,Summerlin,Express,778.72,130.77,85,454,Completed,125
F-002216,2026-05-16,ENT-06,Strip Core,Fleet,1044.01,232.64,110,557,Completed,190
F-002217,2026-05-16,ENT-07,North Las Vegas,Logistics,500.78,113.84,48,238,Completed,105
F-002218,2026-05-16,ENT-08,Spring Valley,Express,440.96,92.7,44,232,Completed,90
F-002219,2026-05-16,ENT-09,Airport Corridor,Fleet,673.86,184.2,77,413,Completed,160
F-002220,2026-05-16,ENT-10,Boulder Highway,Logistics,315.23,112.82,32,162,Completed,100
F-002221,2026-05-17,ENT-01,Zone North 89011,Logistics,651.52,120.41,67,320,Completed,120
F-002222,2026-05-17,ENT-02,Zone West Central,Express,541.77,96.38,59,283,Completed,95
F-002223,2026-05-17,ENT-03,Downtown Corridor,Fleet,594.32,200.92,63,294,Completed,140
F-002224,2026-05-17,ENT-04,Henderson South,Logistics,463.45,127.22,52,242,Completed,110
F-002225,2026-05-17,ENT-05,Summerlin,Express,663.57,111.06,71,371,Completed,125
F-002226,2026-05-17,ENT-06,Strip Core,Fleet,920.51,254.94,96,490,Delayed,190
F-002227,2026-05-17,ENT-07,North Las Vegas,Logistics,413.35,116.14,43,218,Completed,105
F-002228,2026-05-17,ENT-08,Spring Valley,Express,455.65,86.91,49,230,Completed,90
F-002229,2026-05-17,ENT-09,Airport Corridor,Fleet,652.33,199.06,70,394,Completed,160
F-002230,2026-05-17,ENT-10,Boulder Highway,Logistics,351.41,124.0,36,183,Completed,100
F-002231,2026-05-18,ENT-01,Zone North 89011,Logistics,578.26,125.24,67,355,Completed,120
F-002232,2026-05-18,ENT-02,Zone West Central,Express,462.01,93.38,53,270,Completed,95
F-002233,2026-05-18,ENT-03,Downtown Corridor,Fleet,662.19,183.86,76,389,Completed,140
F-002234,2026-05-18,ENT-04,Henderson South,Logistics,512.47,119.99,50,258,Completed,110
F-002235,2026-05-18,ENT-05,Summerlin,Express,610.58,132.06,70,334,Completed,125
F-002236,2026-05-18,ENT-06,Strip Core,Fleet,715.53,220.46,75,390,Completed,190
F-002237,2026-05-18,ENT-07,North Las Vegas,Logistics,0.0,39.16,0,30,Cancelled,105
F-002238,2026-05-18,ENT-08,Spring Valley,Express,462.54,94.06,51,227,Completed,90
F-002239,2026-05-18,ENT-09,Airport Corridor,Fleet,595.07,182.51,70,370,Completed,160
F-002240,2026-05-18,ENT-10,Boulder Highway,Logistics,373.5,109.46,43,204,Completed,100
F-002241,2026-05-19,ENT-01,Zone North 89011,Logistics,559.57,110.15,56,257,Completed,120
F-002242,2026-05-19,ENT-02,Zone West Central,Express,413.05,98.24,48,211,Completed,95
F-002243,2026-05-19,ENT-03,Downtown Corridor,Fleet,666.77,179.72,72,333,Completed,140
F-002244,2026-05-19,ENT-04,Henderson South,Logistics,531.98,122.4,58,276,Completed,110
F-002245,2026-05-19,ENT-05,Summerlin,Express,644.23,121.4,63,315,Completed,125
F-002246,2026-05-19,ENT-06,Strip Core,Fleet,641.16,202.85,68,307,Completed,190
F-002247,2026-05-19,ENT-07,North Las Vegas,Logistics,418.05,109.05,43,205,Completed,105
F-002248,2026-05-19,ENT-08,Spring Valley,Express,433.86,89.7,42,238,Completed,90
F-002249,2026-05-19,ENT-09,Airport Corridor,Fleet,650.69,169.88,64,313,Completed,160
F-002250,2026-05-19,ENT-10,Boulder Highway,Logistics,399.36,111.46,39,192,Completed,100
F-002251,2026-05-20,ENT-01,Zone North 89011,Logistics,541.57,119.18,59,288,Completed,120
F-002252,2026-05-20,ENT-02,Zone West Central,Express,485.11,94.21,47,237,Completed,95
F-002253,2026-05-20,ENT-03,Downtown Corridor,Fleet,669.51,202.35,76,380,Completed,140
F-002254,2026-05-20,ENT-04,Henderson South,Logistics,516.2,111.67,54,256,Completed,110
F-002255,2026-05-20,ENT-05,Summerlin,Express,506.2,132.81,50,277,Delayed,125
F-002256,2026-05-20,ENT-06,Strip Core,Fleet,774.23,245.53,74,364,Completed,190
F-002257,2026-05-20,ENT-07,North Las Vegas,Logistics,443.24,116.99,52,273,Completed,105
F-002258,2026-05-20,ENT-08,Spring Valley,Express,403.15,85.94,45,222,Completed,90
F-002259,2026-05-20,ENT-09,Airport Corridor,Fleet,704.14,170.48,78,391,Completed,160
F-002260,2026-05-20,ENT-10,Boulder Highway,Logistics,440.49,130.79,43,209,Completed,100
F-002261,2026-05-21,ENT-01,Zone North 89011,Logistics,576.19,125.86,64,318,Completed,120
F-002262,2026-05-21,ENT-02,Zone West Central,Express,477.17,93.2,47,218,Completed,95
F-002263,2026-05-21,ENT-03,Downtown Corridor,Fleet,602.23,180.47,60,320,Completed,140
F-002264,2026-05-21,ENT-04,Henderson South,Logistics,570.42,120.19,55,263,Completed,110
F-002265,2026-05-21,ENT-05,Summerlin,Express,569.85,124.55,64,322,Completed,125
F-002266,2026-05-21,ENT-06,Strip Core,Fleet,806.61,219.24,88,451,Completed,190
F-002267,2026-05-21,ENT-07,North Las Vegas,Logistics,422.37,104.9,49,226,Completed,105
F-002268,2026-05-21,ENT-08,Spring Valley,Express,373.98,90.95,40,190,Completed,90
F-002269,2026-05-21,ENT-09,Airport Corridor,Fleet,682.72,195.16,68,335,Completed,160
F-002270,2026-05-21,ENT-10,Boulder Highway,Logistics,419.54,110.58,45,217,Completed,100
F-002271,2026-05-22,ENT-01,Zone North 89011,Logistics,483.76,118.54,48,224,Completed,120
F-002272,2026-05-22,ENT-02,Zone West Central,Express,462.17,97.41,48,249,Completed,95
F-002273,2026-05-22,ENT-03,Downtown Corridor,Fleet,764.22,187.59,77,386,Completed,140
F-002274,2026-05-22,ENT-04,Henderson South,Logistics,476.97,113.37,48,265,Completed,110
F-002275,2026-05-22,ENT-05,Summerlin,Express,621.86,127.32,67,354,Completed,125
F-002276,2026-05-22,ENT-06,Strip Core,Fleet,778.94,229.52,77,393,Completed,190
F-002277,2026-05-22,ENT-07,North Las Vegas,Logistics,485.53,107.88,56,314,Completed,105
F-002278,2026-05-22,ENT-08,Spring Valley,Express,392.46,102.78,42,205,Delayed,90
F-002279,2026-05-22,ENT-09,Airport Corridor,Fleet,727.1,167.29,81,384,Completed,160
F-002280,2026-05-22,ENT-10,Boulder Highway,Logistics,384.05,122.93,38,206,Completed,100
F-002281,2026-05-23,ENT-01,Zone North 89011,Logistics,618.81,123.78,60,321,Completed,120
F-002282,2026-05-23,ENT-02,Zone West Central,Express,615.39,100.48,71,391,Completed,95
F-002283,2026-05-23,ENT-03,Downtown Corridor,Fleet,558.11,188.8,56,306,Completed,140
F-002284,2026-05-23,ENT-04,Henderson South,Logistics,624.24,117.29,62,312,Completed,110
F-002285,2026-05-23,ENT-05,Summerlin,Express,776.32,125.44,89,416,Completed,125
F-002286,2026-05-23,ENT-06,Strip Core,Fleet,1082.04,234.15,119,553,Completed,190
F-002287,2026-05-23,ENT-07,North Las Vegas,Logistics,459.47,111.51,47,255,Completed,105
F-002288,2026-05-23,ENT-08,Spring Valley,Express,484.82,97.42,49,241,Completed,90
F-002289,2026-05-23,ENT-09,Airport Corridor,Fleet,611.71,171.12,59,306,Completed,160
F-002290,2026-05-23,ENT-10,Boulder Highway,Logistics,420.6,118.57,44,197,Completed,100
F-002291,2026-05-24,ENT-01,Zone North 89011,Logistics,535.84,125.3,60,298,Completed,120
F-002292,2026-05-24,ENT-02,Zone West Central,Express,564.54,92.62,61,288,Completed,95
F-002293,2026-05-24,ENT-03,Downtown Corridor,Fleet,551.0,185.59,56,278,Completed,140
F-002294,2026-05-24,ENT-04,Henderson South,Logistics,484.6,117.23,54,232,Completed,110
F-002295,2026-05-24,ENT-05,Summerlin,Express,718.59,132.24,76,388,Completed,125
F-002296,2026-05-24,ENT-06,Strip Core,Fleet,884.28,235.93,86,461,Delayed,190
F-002297,2026-05-24,ENT-07,North Las Vegas,Logistics,448.35,110.79,48,231,Completed,105
F-002298,2026-05-24,ENT-08,Spring Valley,Express,490.63,87.32,47,260,Completed,90
F-002299,2026-05-24,ENT-09,Airport Corridor,Fleet,615.0,175.12,59,286,Completed,160
F-002300,2026-05-24,ENT-10,Boulder Highway,Logistics,386.31,119.58,43,206,Completed,100
F-002301,2026-05-25,ENT-01,Zone North 89011,Logistics,581.15,126.65,62,315,Completed,120
F-002302,2026-05-25,ENT-02,Zone West Central,Express,441.19,94.42,47,244,Completed,95
F-002303,2026-05-25,ENT-03,Downtown Corridor,Fleet,732.96,188.05,76,381,Completed,140
F-002304,2026-05-25,ENT-04,Henderson South,Logistics,497.29,109.84,50,253,Completed,110
F-002305,2026-05-25,ENT-05,Summerlin,Express,657.57,137.22,71,359,Completed,125
F-002306,2026-05-25,ENT-06,Strip Core,Fleet,788.29,226.42,84,440,Completed,190
F-002307,2026-05-25,ENT-07,North Las Vegas,Logistics,478.2,115.42,46,233,Completed,105
F-002308,2026-05-25,ENT-08,Spring Valley,Express,434.97,90.74,46,261,Completed,90
F-002309,2026-05-25,ENT-09,Airport Corridor,Fleet,757.39,168.35,80,401,Completed,160
F-002310,2026-05-25,ENT-10,Boulder Highway,Logistics,329.45,131.69,34,156,Completed,100
F-002311,2026-05-26,ENT-01,Zone North 89011,Logistics,276.63,286.33,29,157,Completed,120
F-002312,2026-05-26,ENT-02,Zone West Central,Express,390.94,93.06,43,206,Completed,95
F-002313,2026-05-26,ENT-03,Downtown Corridor,Fleet,547.22,206.03,60,327,Delayed,140
F-002314,2026-05-26,ENT-04,Henderson South,Logistics,515.82,106.69,51,245,Completed,110
F-002315,2026-05-26,ENT-05,Summerlin,Express,549.46,131.98,58,286,Delayed,125
F-002316,2026-05-26,ENT-06,Strip Core,Fleet,819.82,204.14,89,430,Completed,190
F-002317,2026-05-26,ENT-07,North Las Vegas,Logistics,473.64,115.11,55,277,Completed,105
F-002318,2026-05-26,ENT-08,Spring Valley,Express,386.52,92.62,45,234,Completed,90
F-002319,2026-05-26,ENT-09,Airport Corridor,Fleet,729.72,179.08,77,403,Completed,160
F-002320,2026-05-26,ENT-10,Boulder Highway,Logistics,370.75,124.48,42,191,Completed,100
F-002321,2026-05-27,ENT-01,Zone North 89011,Logistics,518.73,132.0,60,329,Completed,120
F-002322,2026-05-27,ENT-02,Zone West Central,Express,389.6,104.34,39,200,Delayed,95
F-002323,2026-05-27,ENT-03,Downtown Corridor,Fleet,649.23,183.73,74,386,Completed,140
F-002324,2026-05-27,ENT-04,Henderson South,Logistics,563.42,120.39,66,341,Completed,110
F-002325,2026-05-27,ENT-05,Summerlin,Express,585.62,126.18,56,289,Completed,125
F-002326,2026-05-27,ENT-06,Strip Core,Fleet,0.0,78.58,0,30,Cancelled,190
F-002327,2026-05-27,ENT-07,North Las Vegas,Logistics,410.48,103.76,40,208,Completed,105
F-002328,2026-05-27,ENT-08,Spring Valley,Express,426.79,90.88,49,266,Completed,90
F-002329,2026-05-27,ENT-09,Airport Corridor,Fleet,694.38,171.45,71,370,Completed,160
F-002330,2026-05-27,ENT-10,Boulder Highway,Logistics,360.38,114.96,39,204,Completed,100
F-002331,2026-05-28,ENT-01,Zone North 89011,Logistics,550.02,147.2,60,292,Completed,120
F-002332,2026-05-28,ENT-02,Zone West Central,Express,446.82,104.26,51,261,Completed,95
F-002333,2026-05-28,ENT-03,Downtown Corridor,Fleet,658.02,187.26,67,337,Completed,140
F-002334,2026-05-28,ENT-04,Henderson South,Logistics,426.17,137.05,44,235,Delayed,110
F-002335,2026-05-28,ENT-05,Summerlin,Express,622.28,122.39,73,347,Completed,125
F-002336,2026-05-28,ENT-06,Strip Core,Fleet,796.7,243.4,90,454,Completed,190
F-002337,2026-05-28,ENT-07,North Las Vegas,Logistics,432.42,103.26,47,207,Completed,105
F-002338,2026-05-28,ENT-08,Spring Valley,Express,484.8,87.17,50,263,Completed,90
F-002339,2026-05-28,ENT-09,Airport Corridor,Fleet,717.96,192.27,77,391,Delayed,160
F-002340,2026-05-28,ENT-10,Boulder Highway,Logistics,386.37,125.04,37,191,Completed,100
F-002341,2026-05-29,ENT-01,Zone North 89011,Logistics,530.39,117.84,54,283,Completed,120
F-002342,2026-05-29,ENT-02,Zone West Central,Express,399.19,104.16,42,201,Completed,95
F-002343,2026-05-29,ENT-03,Downtown Corridor,Fleet,608.72,197.85,64,351,Completed,140
F-002344,2026-05-29,ENT-04,Henderson South,Logistics,432.92,109.97,42,209,Completed,110
F-002345,2026-05-29,ENT-05,Summerlin,Express,519.91,127.69,54,291,Completed,125
F-002346,2026-05-29,ENT-06,Strip Core,Fleet,790.95,202.91,84,455,Completed,190
F-002347,2026-05-29,ENT-07,North Las Vegas,Logistics,524.75,102.54,59,275,Completed,105
F-002348,2026-05-29,ENT-08,Spring Valley,Express,389.98,88.92,44,251,Completed,90
F-002349,2026-05-29,ENT-09,Airport Corridor,Fleet,699.0,182.16,81,423,Completed,160
F-002350,2026-05-29,ENT-10,Boulder Highway,Logistics,397.55,104.45,44,244,Completed,100
F-002351,2026-05-30,ENT-01,Zone North 89011,Logistics,545.47,123.31,52,266,Completed,120
F-002352,2026-05-30,ENT-02,Zone West Central,Express,0.0,33.57,0,30,Cancelled,95
F-002353,2026-05-30,ENT-03,Downtown Corridor,Fleet,530.36,176.12,59,308,Completed,140
F-002354,2026-05-30,ENT-04,Henderson South,Logistics,528.6,112.83,61,310,Completed,110
F-002355,2026-05-30,ENT-05,Summerlin,Express,722.12,123.88,72,336,Completed,125
F-002356,2026-05-30,ENT-06,Strip Core,Fleet,942.79,193.73,107,514,Completed,190
F-002357,2026-05-30,ENT-07,North Las Vegas,Logistics,480.87,106.45,50,257,Completed,105
F-002358,2026-05-30,ENT-08,Spring Valley,Express,462.6,91.67,46,240,Completed,90
F-002359,2026-05-30,ENT-09,Airport Corridor,Fleet,794.91,164.72,85,401,Completed,160
F-002360,2026-05-30,ENT-10,Boulder Highway,Logistics,334.2,117.43,37,174,Completed,100
F-002361,2026-05-31,ENT-01,Zone North 89011,Logistics,603.53,118.75,68,360,Completed,120
F-002362,2026-05-31,ENT-02,Zone West Central,Express,445.23,86.23,42,177,Completed,95
F-002363,2026-05-31,ENT-03,Downtown Corridor,Fleet,520.45,195.07,59,319,Completed,140
F-002364,2026-05-31,ENT-04,Henderson South,Logistics,502.82,113.61,58,301,Completed,110
F-002365,2026-05-31,ENT-05,Summerlin,Express,726.24,119.62,74,386,Completed,125
F-002366,2026-05-31,ENT-06,Strip Core,Fleet,1016.44,227.7,98,489,Completed,190
F-002367,2026-05-31,ENT-07,North Las Vegas,Logistics,457.36,102.39,51,235,Completed,105
F-002368,2026-05-31,ENT-08,Spring Valley,Express,424.75,89.55,43,240,Delayed,90
F-002369,2026-05-31,ENT-09,Airport Corridor,Fleet,739.09,150.47,85,436,Completed,160
F-002370,2026-05-31,ENT-10,Boulder Highway,Logistics,365.68,123.98,35,186,Completed,100
F-002371,2026-06-01,ENT-01,Zone North 89011,Logistics,506.48,134.47,50,234,Completed,120
F-002372,2026-06-01,ENT-02,Zone West Central,Express,490.56,94.35,54,313,Completed,95
F-002373,2026-06-01,ENT-03,Downtown Corridor,Fleet,672.97,190.33,76,366,Completed,140
F-002374,2026-06-01,ENT-04,Henderson South,Logistics,526.05,114.65,58,267,Completed,110
F-002375,2026-06-01,ENT-05,Summerlin,Express,634.96,123.63,62,313,Completed,125
F-002376,2026-06-01,ENT-06,Strip Core,Fleet,703.18,214.54,77,413,Completed,190
F-002377,2026-06-01,ENT-07,North Las Vegas,Logistics,463.1,112.92,52,259,Completed,105
F-002378,2026-06-01,ENT-08,Spring Valley,Express,374.91,80.92,39,191,Completed,90
F-002379,2026-06-01,ENT-09,Airport Corridor,Fleet,683.59,165.85,75,399,Completed,160
F-002380,2026-06-01,ENT-10,Boulder Highway,Logistics,379.17,127.69,42,189,Completed,100
F-002381,2026-06-02,ENT-01,Zone North 89011,Logistics,634.8,133.3,73,353,Completed,120
F-002382,2026-06-02,ENT-02,Zone West Central,Express,437.66,93.06,45,233,Completed,95
F-002383,2026-06-02,ENT-03,Downtown Corridor,Fleet,674.43,187.19,70,369,Completed,140
F-002384,2026-06-02,ENT-04,Henderson South,Logistics,512.07,119.57,49,278,Completed,110
F-002385,2026-06-02,ENT-05,Summerlin,Express,449.95,123.05,47,232,Completed,125
F-002386,2026-06-02,ENT-06,Strip Core,Fleet,673.2,224.68,75,399,Completed,190
F-002387,2026-06-02,ENT-07,North Las Vegas,Logistics,468.65,116.31,50,262,Completed,105
F-002388,2026-06-02,ENT-08,Spring Valley,Express,395.45,91.5,42,239,Completed,90
F-002389,2026-06-02,ENT-09,Airport Corridor,Fleet,546.24,174.46,61,298,Completed,160
F-002390,2026-06-02,ENT-10,Boulder Highway,Logistics,402.55,118.76,46,208,Completed,100
F-002391,2026-06-03,ENT-01,Zone North 89011,Logistics,610.72,125.47,62,298,Completed,120
F-002392,2026-06-03,ENT-02,Zone West Central,Express,517.16,89.91,51,227,Completed,95
F-002393,2026-06-03,ENT-03,Downtown Corridor,Fleet,674.82,188.58,68,363,Completed,140
F-002394,2026-06-03,ENT-04,Henderson South,Logistics,490.85,108.63,52,257,Completed,110
F-002395,2026-06-03,ENT-05,Summerlin,Express,571.98,120.62,56,289,Completed,125
F-002396,2026-06-03,ENT-06,Strip Core,Fleet,715.3,231.73,76,355,Completed,190
F-002397,2026-06-03,ENT-07,North Las Vegas,Logistics,466.55,96.71,49,241,Completed,105
F-002398,2026-06-03,ENT-08,Spring Valley,Express,427.2,90.73,45,242,Completed,90
F-002399,2026-06-03,ENT-09,Airport Corridor,Fleet,757.84,178.64,85,420,Completed,160
F-002400,2026-06-03,ENT-10,Boulder Highway,Logistics,343.5,126.71,37,172,Completed,100
F-002401,2026-06-04,ENT-01,Zone North 89011,Logistics,551.59,114.98,53,263,Completed,120
F-002402,2026-06-04,ENT-02,Zone West Central,Express,416.63,96.88,48,265,Completed,95
F-002403,2026-06-04,ENT-03,Downtown Corridor,Fleet,603.07,182.94,70,396,Completed,140
F-002404,2026-06-04,ENT-04,Henderson South,Logistics,515.94,129.08,50,273,Delayed,110
F-002405,2026-06-04,ENT-05,Summerlin,Express,497.19,116.8,51,305,Completed,125
F-002406,2026-06-04,ENT-06,Strip Core,Fleet,780.29,209.05,81,389,Completed,190
F-002407,2026-06-04,ENT-07,North Las Vegas,Logistics,459.28,111.78,46,226,Completed,105
F-002408,2026-06-04,ENT-08,Spring Valley,Express,332.12,94.4,34,153,Delayed,90
F-002409,2026-06-04,ENT-09,Airport Corridor,Fleet,644.19,184.09,70,357,Completed,160
F-002410,2026-06-04,ENT-10,Boulder Highway,Logistics,429.52,112.82,45,229,Completed,100
F-002411,2026-06-05,ENT-01,Zone North 89011,Logistics,612.94,135.33,60,252,Completed,120
F-002412,2026-06-05,ENT-02,Zone West Central,Express,442.6,116.0,47,229,Delayed,95
F-002413,2026-06-05,ENT-03,Downtown Corridor,Fleet,644.94,176.22,72,353,Completed,140
F-002414,2026-06-05,ENT-04,Henderson South,Logistics,587.15,108.22,68,343,Completed,110
F-002415,2026-06-05,ENT-05,Summerlin,Express,577.63,122.32,60,320,Completed,125
F-002416,2026-06-05,ENT-06,Strip Core,Fleet,759.73,208.0,76,395,Completed,190
F-002417,2026-06-05,ENT-07,North Las Vegas,Logistics,0.0,36.92,0,30,Cancelled,105
F-002418,2026-06-05,ENT-08,Spring Valley,Express,400.4,87.5,47,242,Completed,90
F-002419,2026-06-05,ENT-09,Airport Corridor,Fleet,787.75,167.12,89,478,Completed,160
F-002420,2026-06-05,ENT-10,Boulder Highway,Logistics,383.71,118.76,43,193,Completed,100
F-002421,2026-06-06,ENT-01,Zone North 89011,Logistics,632.1,138.42,70,310,Completed,120
F-002422,2026-06-06,ENT-02,Zone West Central,Express,558.61,106.76,60,316,Completed,95
F-002423,2026-06-06,ENT-03,Downtown Corridor,Fleet,556.51,163.07,56,301,Completed,140
F-002424,2026-06-06,ENT-04,Henderson South,Logistics,579.9,118.34,57,284,Completed,110
F-002425,2026-06-06,ENT-05,Summerlin,Express,741.41,126.7,79,389,Completed,125
F-002426,2026-06-06,ENT-06,Strip Core,Fleet,1001.43,213.77,105,540,Completed,190
F-002427,2026-06-06,ENT-07,North Las Vegas,Logistics,375.73,99.77,41,211,Completed,105
F-002428,2026-06-06,ENT-08,Spring Valley,Express,427.25,89.43,48,246,Completed,90
F-002429,2026-06-06,ENT-09,Airport Corridor,Fleet,623.04,177.19,60,318,Completed,160
F-002430,2026-06-06,ENT-10,Boulder Highway,Logistics,371.07,117.61,43,238,Completed,100
F-002431,2026-06-07,ENT-01,Zone North 89011,Logistics,601.2,121.91,60,311,Completed,120
F-002432,2026-06-07,ENT-02,Zone West Central,Express,496.77,90.85,49,238,Completed,95
F-002433,2026-06-07,ENT-03,Downtown Corridor,Fleet,589.29,204.37,66,316,Completed,140
F-002434,2026-06-07,ENT-04,Henderson South,Logistics,501.97,125.29,53,254,Completed,110
F-002435,2026-06-07,ENT-05,Summerlin,Express,707.84,133.89,82,413,Completed,125
F-002436,2026-06-07,ENT-06,Strip Core,Fleet,1010.64,223.54,115,552,Completed,190
F-002437,2026-06-07,ENT-07,North Las Vegas,Logistics,408.24,113.23,41,188,Completed,105
F-002438,2026-06-07,ENT-08,Spring Valley,Express,364.33,90.73,43,223,Completed,90
F-002439,2026-06-07,ENT-09,Airport Corridor,Fleet,763.03,177.01,83,438,Completed,160
F-002440,2026-06-07,ENT-10,Boulder Highway,Logistics,315.22,137.78,36,192,Delayed,100
F-002441,2026-06-08,ENT-01,Zone North 89011,Logistics,499.81,123.92,50,247,Completed,120
F-002442,2026-06-08,ENT-02,Zone West Central,Express,330.87,94.18,35,186,Completed,95
F-002443,2026-06-08,ENT-03,Downtown Corridor,Fleet,640.27,190.28,73,365,Completed,140
F-002444,2026-06-08,ENT-04,Henderson South,Logistics,510.12,105.54,50,239,Completed,110
F-002445,2026-06-08,ENT-05,Summerlin,Express,584.13,122.98,68,352,Completed,125
F-002446,2026-06-08,ENT-06,Strip Core,Fleet,791.73,228.71,86,419,Completed,190
F-002447,2026-06-08,ENT-07,North Las Vegas,Logistics,425.6,114.91,46,233,Completed,105
F-002448,2026-06-08,ENT-08,Spring Valley,Express,429.17,91.01,44,224,Completed,90
F-002449,2026-06-08,ENT-09,Airport Corridor,Fleet,745.12,157.65,87,447,Completed,160
F-002450,2026-06-08,ENT-10,Boulder Highway,Logistics,381.69,123.12,40,216,Completed,100
F-002451,2026-06-09,ENT-01,Zone North 89011,Logistics,542.21,124.34,55,301,Completed,120
F-002452,2026-06-09,ENT-02,Zone West Central,Express,422.23,101.8,48,240,Completed,95
F-002453,2026-06-09,ENT-03,Downtown Corridor,Fleet,662.05,179.13,69,311,Completed,140
F-002454,2026-06-09,ENT-04,Henderson South,Logistics,446.38,132.24,47,245,Delayed,110
F-002455,2026-06-09,ENT-05,Summerlin,Express,548.3,123.8,57,264,Completed,125
F-002456,2026-06-09,ENT-06,Strip Core,Fleet,814.04,237.09,90,434,Completed,190
F-002457,2026-06-09,ENT-07,North Las Vegas,Logistics,405.24,104.69,44,209,Completed,105
F-002458,2026-06-09,ENT-08,Spring Valley,Express,444.94,90.42,47,213,Completed,90
F-002459,2026-06-09,ENT-09,Airport Corridor,Fleet,666.83,191.05,65,333,Completed,160
F-002460,2026-06-09,ENT-10,Boulder Highway,Logistics,474.43,115.94,47,256,Completed,100
F-002461,2026-06-10,ENT-01,Zone North 89011,Logistics,582.95,127.72,59,283,Completed,120
F-002462,2026-06-10,ENT-02,Zone West Central,Express,406.09,110.04,47,224,Completed,95
F-002463,2026-06-10,ENT-03,Downtown Corridor,Fleet,612.99,188.78,64,309,Completed,140
F-002464,2026-06-10,ENT-04,Henderson South,Logistics,515.88,119.07,54,251,Completed,110
F-002465,2026-06-10,ENT-05,Summerlin,Express,653.32,143.64,63,315,Completed,125
F-002466,2026-06-10,ENT-06,Strip Core,Fleet,759.06,217.18,88,462,Completed,190
F-002467,2026-06-10,ENT-07,North Las Vegas,Logistics,459.74,123.44,46,229,Completed,105
F-002468,2026-06-10,ENT-08,Spring Valley,Express,388.47,88.08,43,220,Completed,90
F-002469,2026-06-10,ENT-09,Airport Corridor,Fleet,722.78,176.97,76,397,Completed,160
F-002470,2026-06-10,ENT-10,Boulder Highway,Logistics,351.23,117.39,36,166,Completed,100
F-002471,2026-06-11,ENT-01,Zone North 89011,Logistics,549.85,133.24,61,335,Completed,120
F-002472,2026-06-11,ENT-02,Zone West Central,Express,388.7,110.18,41,206,Completed,95
F-002473,2026-06-11,ENT-03,Downtown Corridor,Fleet,624.75,193.76,66,302,Completed,140
F-002474,2026-06-11,ENT-04,Henderson South,Logistics,492.19,118.31,49,263,Completed,110
F-002475,2026-06-11,ENT-05,Summerlin,Express,617.01,125.19,71,312,Completed,125
F-002476,2026-06-11,ENT-06,Strip Core,Fleet,697.47,219.03,70,348,Completed,190
F-002477,2026-06-11,ENT-07,North Las Vegas,Logistics,433.0,126.69,44,234,Completed,105
F-002478,2026-06-11,ENT-08,Spring Valley,Express,411.83,92.71,47,230,Completed,90
F-002479,2026-06-11,ENT-09,Airport Corridor,Fleet,694.83,177.92,73,377,Completed,160
F-002480,2026-06-11,ENT-10,Boulder Highway,Logistics,427.05,122.31,42,225,Completed,100
F-002481,2026-06-12,ENT-01,Zone North 89011,Logistics,542.69,118.03,55,283,Completed,120
F-002482,2026-06-12,ENT-02,Zone West Central,Express,407.19,103.33,44,212,Completed,95
F-002483,2026-06-12,ENT-03,Downtown Corridor,Fleet,722.29,177.2,79,380,Completed,140
F-002484,2026-06-12,ENT-04,Henderson South,Logistics,557.15,122.29,61,290,Completed,110
F-002485,2026-06-12,ENT-05,Summerlin,Express,554.66,129.43,65,340,Completed,125
F-002486,2026-06-12,ENT-06,Strip Core,Fleet,800.74,219.07,90,483,Completed,190
F-002487,2026-06-12,ENT-07,North Las Vegas,Logistics,430.04,108.38,42,198,Completed,105
F-002488,2026-06-12,ENT-08,Spring Valley,Express,405.47,94.96,41,203,Completed,90
F-002489,2026-06-12,ENT-09,Airport Corridor,Fleet,720.97,180.77,78,402,Completed,160
F-002490,2026-06-12,ENT-10,Boulder Highway,Logistics,388.3,113.68,42,206,Completed,100
F-002491,2026-06-13,ENT-01,Zone North 89011,Logistics,0.0,41.89,0,30,Cancelled,120
F-002492,2026-06-13,ENT-02,Zone West Central,Express,648.68,101.32,64,352,Completed,95
F-002493,2026-06-13,ENT-03,Downtown Corridor,Fleet,559.5,174.17,55,292,Completed,140
F-002494,2026-06-13,ENT-04,Henderson South,Logistics,492.05,113.46,51,244,Completed,110
F-002495,2026-06-13,ENT-05,Summerlin,Express,758.15,128.88,89,430,Completed,125
F-002496,2026-06-13,ENT-06,Strip Core,Fleet,1039.44,214.43,108,575,Completed,190
F-002497,2026-06-13,ENT-07,North Las Vegas,Logistics,445.68,101.95,44,204,Completed,105
F-002498,2026-06-13,ENT-08,Spring Valley,Express,444.41,96.91,44,229,Completed,90
F-002499,2026-06-13,ENT-09,Airport Corridor,Fleet,612.53,157.83,61,308,Completed,160
F-002500,2026-06-13,ENT-10,Boulder Highway,Logistics,342.43,123.15,39,200,Completed,100
F-002501,2026-06-14,ENT-01,Zone North 89011,Logistics,535.79,120.63,61,303,Completed,120
F-002502,2026-06-14,ENT-02,Zone West Central,Express,612.81,103.39,60,312,Completed,95
F-002503,2026-06-14,ENT-03,Downtown Corridor,Fleet,568.38,180.76,56,272,Completed,140
F-002504,2026-06-14,ENT-04,Henderson South,Logistics,424.26,120.26,49,256,Delayed,110
F-002505,2026-06-14,ENT-05,Summerlin,Express,786.66,125.95,80,375,Completed,125
F-002506,2026-06-14,ENT-06,Strip Core,Fleet,1139.82,213.55,118,631,Completed,190
F-002507,2026-06-14,ENT-07,North Las Vegas,Logistics,461.43,117.81,47,235,Completed,105
F-002508,2026-06-14,ENT-08,Spring Valley,Express,407.47,83.57,48,250,Completed,90
F-002509,2026-06-14,ENT-09,Airport Corridor,Fleet,667.49,175.06,72,395,Completed,160
F-002510,2026-06-14,ENT-10,Boulder Highway,Logistics,381.91,114.14,38,193,Completed,100
F-002511,2026-06-15,ENT-01,Zone North 89011,Logistics,480.26,132.89,55,295,Completed,120
F-002512,2026-06-15,ENT-02,Zone West Central,Express,457.39,92.79,44,205,Completed,95
F-002513,2026-06-15,ENT-03,Downtown Corridor,Fleet,562.15,176.53,55,294,Completed,140
F-002514,2026-06-15,ENT-04,Henderson South,Logistics,444.68,115.06,51,279,Completed,110
F-002515,2026-06-15,ENT-05,Summerlin,Express,603.69,117.16,62,329,Completed,125
F-002516,2026-06-15,ENT-06,Strip Core,Fleet,739.34,239.42,84,423,Completed,190
F-002517,2026-06-15,ENT-07,North Las Vegas,Logistics,508.76,109.03,52,244,Completed,105
F-002518,2026-06-15,ENT-08,Spring Valley,Express,487.3,102.94,55,279,Completed,90
F-002519,2026-06-15,ENT-09,Airport Corridor,Fleet,730.79,187.76,72,344,Completed,160
F-002520,2026-06-15,ENT-10,Boulder Highway,Logistics,379.61,131.13,39,188,Completed,100
F-002521,2026-06-16,ENT-01,Zone North 89011,Logistics,540.42,123.27,61,317,Completed,120
F-002522,2026-06-16,ENT-02,Zone West Central,Express,476.42,91.98,48,234,Completed,95
F-002523,2026-06-16,ENT-03,Downtown Corridor,Fleet,648.06,186.16,69,343,Completed,140
F-002524,2026-06-16,ENT-04,Henderson South,Logistics,575.97,113.89,56,290,Completed,110
F-002525,2026-06-16,ENT-05,Summerlin,Express,559.67,120.7,64,336,Completed,125
F-002526,2026-06-16,ENT-06,Strip Core,Fleet,0.0,85.75,0,30,Cancelled,190
F-002527,2026-06-16,ENT-07,North Las Vegas,Logistics,467.22,107.99,55,290,Completed,105
F-002528,2026-06-16,ENT-08,Spring Valley,Express,388.69,95.16,45,210,Completed,90
F-002529,2026-06-16,ENT-09,Airport Corridor,Fleet,676.94,187.2,76,394,Delayed,160
F-002530,2026-06-16,ENT-10,Boulder Highway,Logistics,410.25,128.56,39,202,Completed,100
F-002531,2026-06-17,ENT-01,Zone North 89011,Logistics,534.04,123.06,58,257,Completed,120
F-002532,2026-06-17,ENT-02,Zone West Central,Express,463.88,102.72,48,257,Completed,95
F-002533,2026-06-17,ENT-03,Downtown Corridor,Fleet,626.0,189.23,61,302,Completed,140
F-002534,2026-06-17,ENT-04,Henderson South,Logistics,572.24,116.94,67,347,Completed,110
F-002535,2026-06-17,ENT-05,Summerlin,Express,592.01,126.75,63,317,Completed,125
F-002536,2026-06-17,ENT-06,Strip Core,Fleet,802.38,208.45,84,428,Completed,190
F-002537,2026-06-17,ENT-07,North Las Vegas,Logistics,504.52,102.96,53,303,Completed,105
F-002538,2026-06-17,ENT-08,Spring Valley,Express,440.09,84.34,45,218,Completed,90
F-002539,2026-06-17,ENT-09,Airport Corridor,Fleet,733.77,178.43,70,313,Completed,160
F-002540,2026-06-17,ENT-10,Boulder Highway,Logistics,375.5,109.5,42,209,Completed,100
F-002541,2026-06-18,ENT-01,Zone North 89011,Logistics,582.64,112.17,57,309,Completed,120
F-002542,2026-06-18,ENT-02,Zone West Central,Express,480.57,97.06,48,260,Completed,95
F-002543,2026-06-18,ENT-03,Downtown Corridor,Fleet,740.59,186.99,75,354,Completed,140
F-002544,2026-06-18,ENT-04,Henderson South,Logistics,398.53,107.11,38,187,Completed,110
F-002545,2026-06-18,ENT-05,Summerlin,Express,527.41,131.94,52,269,Completed,125
F-002546,2026-06-18,ENT-06,Strip Core,Fleet,781.39,240.44,80,401,Completed,190
F-002547,2026-06-18,ENT-07,North Las Vegas,Logistics,516.39,126.15,53,226,Completed,105
F-002548,2026-06-18,ENT-08,Spring Valley,Express,496.86,99.31,56,254,Completed,90
F-002549,2026-06-18,ENT-09,Airport Corridor,Fleet,627.4,154.31,65,305,Completed,160
F-002550,2026-06-18,ENT-10,Boulder Highway,Logistics,410.77,119.58,41,196,Completed,100
F-002551,2026-06-19,ENT-01,Zone North 89011,Logistics,488.27,130.24,51,249,Completed,120
F-002552,2026-06-19,ENT-02,Zone West Central,Express,495.03,102.77,51,267,Completed,95
F-002553,2026-06-19,ENT-03,Downtown Corridor,Fleet,554.75,189.69,57,284,Delayed,140
F-002554,2026-06-19,ENT-04,Henderson South,Logistics,518.75,127.6,52,279,Completed,110
F-002555,2026-06-19,ENT-05,Summerlin,Express,548.95,116.8,58,271,Completed,125
F-002556,2026-06-19,ENT-06,Strip Core,Fleet,810.3,236.04,88,408,Completed,190
F-002557,2026-06-19,ENT-07,North Las Vegas,Logistics,484.51,104.96,54,280,Completed,105
F-002558,2026-06-19,ENT-08,Spring Valley,Express,405.62,88.3,39,175,Completed,90
F-002559,2026-06-19,ENT-09,Airport Corridor,Fleet,599.23,154.08,63,319,Completed,160
F-002560,2026-06-19,ENT-10,Boulder Highway,Logistics,425.56,128.75,48,246,Completed,100
F-002561,2026-06-20,ENT-01,Zone North 89011,Logistics,569.73,134.8,57,280,Completed,120
F-002562,2026-06-20,ENT-02,Zone West Central,Express,529.04,106.09,52,255,Completed,95
F-002563,2026-06-20,ENT-03,Downtown Corridor,Fleet,522.27,162.67,51,251,Completed,140
F-002564,2026-06-20,ENT-04,Henderson South,Logistics,591.44,113.78,60,296,Completed,110
F-002565,2026-06-20,ENT-05,Summerlin,Express,744.48,121.92,73,357,Completed,125
F-002566,2026-06-20,ENT-06,Strip Core,Fleet,1147.63,206.05,113,578,Completed,190
F-002567,2026-06-20,ENT-07,North Las Vegas,Logistics,419.6,124.92,43,235,Delayed,105
F-002568,2026-06-20,ENT-08,Spring Valley,Express,377.05,102.84,39,200,Delayed,90
F-002569,2026-06-20,ENT-09,Airport Corridor,Fleet,647.18,172.22,72,377,Completed,160
F-002570,2026-06-20,ENT-10,Boulder Highway,Logistics,342.25,134.38,39,190,Delayed,100
F-002571,2026-06-21,ENT-01,Zone North 89011,Logistics,500.3,138.61,48,226,Completed,120
F-002572,2026-06-21,ENT-02,Zone West Central,Express,504.96,90.73,49,251,Completed,95
F-002573,2026-06-21,ENT-03,Downtown Corridor,Fleet,607.95,195.04,71,333,Completed,140
F-002574,2026-06-21,ENT-04,Henderson South,Logistics,533.71,126.21,58,285,Completed,110
F-002575,2026-06-21,ENT-05,Summerlin,Express,670.46,112.04,75,396,Completed,125
F-002576,2026-06-21,ENT-06,Strip Core,Fleet,1140.96,201.64,131,652,Completed,190
F-002577,2026-06-21,ENT-07,North Las Vegas,Logistics,444.34,109.25,45,228,Completed,105
F-002578,2026-06-21,ENT-08,Spring Valley,Express,484.46,93.61,53,256,Completed,90
F-002579,2026-06-21,ENT-09,Airport Corridor,Fleet,647.67,182.65,65,335,Completed,160
F-002580,2026-06-21,ENT-10,Boulder Highway,Logistics,352.69,107.42,39,196,Completed,100
F-002581,2026-06-22,ENT-01,Zone North 89011,Logistics,495.4,136.41,55,285,Delayed,120
F-002582,2026-06-22,ENT-02,Zone West Central,Express,386.89,108.81,45,238,Completed,95
F-002583,2026-06-22,ENT-03,Downtown Corridor,Fleet,523.49,207.24,60,300,Delayed,140
F-002584,2026-06-22,ENT-04,Henderson South,Logistics,523.31,117.23,58,266,Completed,110
F-002585,2026-06-22,ENT-05,Summerlin,Express,629.52,117.11,68,329,Completed,125
F-002586,2026-06-22,ENT-06,Strip Core,Fleet,823.69,227.51,96,446,Completed,190
F-002587,2026-06-22,ENT-07,North Las Vegas,Logistics,461.94,101.36,49,241,Completed,105
F-002588,2026-06-22,ENT-08,Spring Valley,Express,431.37,86.64,43,221,Completed,90
F-002589,2026-06-22,ENT-09,Airport Corridor,Fleet,655.62,171.96,63,322,Completed,160
F-002590,2026-06-22,ENT-10,Boulder Highway,Logistics,435.62,117.9,42,219,Completed,100
F-002591,2026-06-23,ENT-01,Zone North 89011,Logistics,620.48,123.09,68,335,Completed,120
F-002592,2026-06-23,ENT-02,Zone West Central,Express,376.28,107.87,42,221,Completed,95
F-002593,2026-06-23,ENT-03,Downtown Corridor,Fleet,665.99,212.02,65,355,Completed,140
F-002594,2026-06-23,ENT-04,Henderson South,Logistics,454.88,119.47,50,228,Completed,110
F-002595,2026-06-23,ENT-05,Summerlin,Express,616.2,134.86,70,320,Completed,125
F-002596,2026-06-23,ENT-06,Strip Core,Fleet,896.73,206.11,85,423,Completed,190
F-002597,2026-06-23,ENT-07,North Las Vegas,Logistics,0.0,38.19,0,30,Cancelled,105
F-002598,2026-06-23,ENT-08,Spring Valley,Express,427.25,79.11,49,236,Completed,90
F-002599,2026-06-23,ENT-09,Airport Corridor,Fleet,660.17,183.81,75,375,Completed,160
F-002600,2026-06-23,ENT-10,Boulder Highway,Logistics,467.07,108.36,49,254,Completed,100
F-002601,2026-06-24,ENT-01,Zone North 89011,Logistics,540.56,121.0,61,288,Completed,120
F-002602,2026-06-24,ENT-02,Zone West Central,Express,430.8,96.84,51,243,Completed,95
F-002603,2026-06-24,ENT-03,Downtown Corridor,Fleet,652.77,192.94,66,335,Completed,140
F-002604,2026-06-24,ENT-04,Henderson South,Logistics,524.94,109.27,56,295,Completed,110
F-002605,2026-06-24,ENT-05,Summerlin,Express,641.32,119.68,64,303,Completed,125
F-002606,2026-06-24,ENT-06,Strip Core,Fleet,656.99,219.92,72,383,Delayed,190
F-002607,2026-06-24,ENT-07,North Las Vegas,Logistics,393.09,108.3,42,205,Completed,105
F-002608,2026-06-24,ENT-08,Spring Valley,Express,394.87,86.23,42,207,Completed,90
F-002609,2026-06-24,ENT-09,Airport Corridor,Fleet,685.69,175.18,77,399,Completed,160
F-002610,2026-06-24,ENT-10,Boulder Highway,Logistics,288.18,121.81,28,110,Delayed,100
F-002611,2026-06-25,ENT-01,Zone North 89011,Logistics,569.66,134.67,59,328,Completed,120
F-002612,2026-06-25,ENT-02,Zone West Central,Express,375.72,96.59,39,178,Completed,95
F-002613,2026-06-25,ENT-03,Downtown Corridor,Fleet,657.31,198.28,74,376,Completed,140
F-002614,2026-06-25,ENT-04,Henderson South,Logistics,491.45,104.45,51,235,Completed,110
F-002615,2026-06-25,ENT-05,Summerlin,Express,549.15,129.01,55,296,Completed,125
F-002616,2026-06-25,ENT-06,Strip Core,Fleet,893.47,211.14,99,503,Completed,190
F-002617,2026-06-25,ENT-07,North Las Vegas,Logistics,479.62,98.6,48,207,Completed,105
F-002618,2026-06-25,ENT-08,Spring Valley,Express,432.91,95.44,49,218,Completed,90
F-002619,2026-06-25,ENT-09,Airport Corridor,Fleet,745.87,177.15,79,391,Completed,160
F-002620,2026-06-25,ENT-10,Boulder Highway,Logistics,391.2,105.94,41,208,Completed,100
F-002621,2026-06-26,ENT-01,Zone North 89011,Logistics,571.1,123.05,56,309,Completed,120
F-002622,2026-06-26,ENT-02,Zone West Central,Express,470.37,89.46,49,245,Completed,95
F-002623,2026-06-26,ENT-03,Downtown Corridor,Fleet,682.26,178.55,70,385,Completed,140
F-002624,2026-06-26,ENT-04,Henderson South,Logistics,488.06,108.54,55,285,Completed,110
F-002625,2026-06-26,ENT-05,Summerlin,Express,584.62,117.81,66,334,Completed,125
F-002626,2026-06-26,ENT-06,Strip Core,Fleet,0.0,80.64,0,30,Cancelled,190
F-002627,2026-06-26,ENT-07,North Las Vegas,Logistics,465.03,114.15,45,240,Completed,105
F-002628,2026-06-26,ENT-08,Spring Valley,Express,353.18,89.3,35,163,Completed,90
F-002629,2026-06-26,ENT-09,Airport Corridor,Fleet,728.78,190.85,71,337,Completed,160
F-002630,2026-06-26,ENT-10,Boulder Highway,Logistics,424.19,123.55,46,193,Completed,100
F-002631,2026-06-27,ENT-01,Zone North 89011,Logistics,579.93,134.08,58,270,Completed,120
F-002632,2026-06-27,ENT-02,Zone West Central,Express,524.74,103.82,59,300,Completed,95
F-002633,2026-06-27,ENT-03,Downtown Corridor,Fleet,651.02,200.34,76,364,Completed,140
F-002634,2026-06-27,ENT-04,Henderson South,Logistics,572.05,125.64,61,316,Completed,110
F-002635,2026-06-27,ENT-05,Summerlin,Express,707.05,122.66,71,341,Completed,125
F-002636,2026-06-27,ENT-06,Strip Core,Fleet,1112.08,224.65,112,561,Completed,190
F-002637,2026-06-27,ENT-07,North Las Vegas,Logistics,447.34,99.61,45,246,Completed,105
F-002638,2026-06-27,ENT-08,Spring Valley,Express,525.14,91.48,56,269,Completed,90
F-002639,2026-06-27,ENT-09,Airport Corridor,Fleet,594.17,171.04,58,305,Completed,160
F-002640,2026-06-27,ENT-10,Boulder Highway,Logistics,376.78,121.94,42,210,Completed,100
F-002641,2026-06-28,ENT-01,Zone North 89011,Logistics,570.5,116.28,62,268,Completed,120
F-002642,2026-06-28,ENT-02,Zone West Central,Express,437.47,100.59,43,226,Completed,95
F-002643,2026-06-28,ENT-03,Downtown Corridor,Fleet,487.3,191.76,49,276,Delayed,140
F-002644,2026-06-28,ENT-04,Henderson South,Logistics,576.94,110.55,59,282,Completed,110
F-002645,2026-06-28,ENT-05,Summerlin,Express,778.68,133.08,91,432,Completed,125
F-002646,2026-06-28,ENT-06,Strip Core,Fleet,1048.34,216.78,115,575,Completed,190
F-002647,2026-06-28,ENT-07,North Las Vegas,Logistics,427.51,123.05,50,284,Completed,105
F-002648,2026-06-28,ENT-08,Spring Valley,Express,389.13,119.0,42,211,Delayed,90
F-002649,2026-06-28,ENT-09,Airport Corridor,Fleet,691.68,180.97,80,424,Completed,160
F-002650,2026-06-28,ENT-10,Boulder Highway,Logistics,410.13,128.97,48,227,Completed,100
F-002651,2026-06-29,ENT-01,Zone North 89011,Logistics,568.45,130.35,55,266,Completed,120
F-002652,2026-06-29,ENT-02,Zone West Central,Express,504.29,101.95,56,273,Completed,95
F-002653,2026-06-29,ENT-03,Downtown Corridor,Fleet,643.68,192.6,66,340,Completed,140
F-002654,2026-06-29,ENT-04,Henderson South,Logistics,549.29,126.4,53,248,Completed,110
F-002655,2026-06-29,ENT-05,Summerlin,Express,645.55,127.99,62,297,Completed,125
F-002656,2026-06-29,ENT-06,Strip Core,Fleet,800.36,219.37,79,393,Completed,190
F-002657,2026-06-29,ENT-07,North Las Vegas,Logistics,440.5,110.41,44,227,Completed,105
F-002658,2026-06-29,ENT-08,Spring Valley,Express,412.37,103.64,43,206,Completed,90
F-002659,2026-06-29,ENT-09,Airport Corridor,Fleet,629.6,185.11,71,342,Completed,160
F-002660,2026-06-29,ENT-10,Boulder Highway,Logistics,381.06,125.58,43,182,Completed,100
F-002661,2026-06-30,ENT-01,Zone North 89011,Logistics,521.65,105.9,55,274,Completed,120
F-002662,2026-06-30,ENT-02,Zone West Central,Express,445.15,97.92,51,250,Completed,95
F-002663,2026-06-30,ENT-03,Downtown Corridor,Fleet,686.5,176.81,76,370,Completed,140
F-002664,2026-06-30,ENT-04,Henderson South,Logistics,497.51,117.29,56,279,Completed,110
F-002665,2026-06-30,ENT-05,Summerlin,Express,554.08,123.56,59,289,Completed,125
F-002666,2026-06-30,ENT-06,Strip Core,Fleet,789.03,227.77,77,367,Completed,190
F-002667,2026-06-30,ENT-07,North Las Vegas,Logistics,401.2,116.15,43,195,Completed,105
F-002668,2026-06-30,ENT-08,Spring Valley,Express,425.98,92.69,45,233,Completed,90
F-002669,2026-06-30,ENT-09,Airport Corridor,Fleet,686.96,163.26,66,316,Completed,160
F-002670,2026-06-30,ENT-10,Boulder Highway,Logistics,403.75,116.75,40,200,Completed,100
F-002671,2026-07-01,ENT-01,Zone North 89011,Logistics,489.23,120.08,54,240,Completed,120
F-002672,2026-07-01,ENT-02,Zone West Central,Express,396.97,84.34,40,200,Completed,95
F-002673,2026-07-01,ENT-03,Downtown Corridor,Fleet,699.08,172.29,82,398,Completed,140
F-002674,2026-07-01,ENT-04,Henderson South,Logistics,522.01,118.2,55,285,Completed,110
F-002675,2026-07-01,ENT-05,Summerlin,Express,571.84,138.28,55,242,Completed,125
F-002676,2026-07-01,ENT-06,Strip Core,Fleet,666.14,206.83,69,342,Completed,190
F-002677,2026-07-01,ENT-07,North Las Vegas,Logistics,470.94,103.24,52,252,Completed,105
F-002678,2026-07-01,ENT-08,Spring Valley,Express,423.68,92.67,45,226,Completed,90
F-002679,2026-07-01,ENT-09,Airport Corridor,Fleet,710.88,181.02,80,433,Completed,160
F-002680,2026-07-01,ENT-10,Boulder Highway,Logistics,382.1,113.5,36,170,Completed,100
F-002681,2026-07-02,ENT-01,Zone North 89011,Logistics,612.53,127.1,69,359,Completed,120
F-002682,2026-07-02,ENT-02,Zone West Central,Express,431.5,104.29,43,219,Completed,95
F-002683,2026-07-02,ENT-03,Downtown Corridor,Fleet,663.69,188.69,75,406,Completed,140
F-002684,2026-07-02,ENT-04,Henderson South,Logistics,481.8,127.13,46,242,Delayed,110
F-002685,2026-07-02,ENT-05,Summerlin,Express,609.26,119.6,61,288,Completed,125
F-002686,2026-07-02,ENT-06,Strip Core,Fleet,710.01,221.76,81,423,Completed,190
F-002687,2026-07-02,ENT-07,North Las Vegas,Logistics,514.73,106.7,53,298,Completed,105
F-002688,2026-07-02,ENT-08,Spring Valley,Express,356.67,105.61,34,159,Delayed,90
F-002689,2026-07-02,ENT-09,Airport Corridor,Fleet,697.13,179.98,74,384,Completed,160
F-002690,2026-07-02,ENT-10,Boulder Highway,Logistics,421.37,129.98,44,211,Completed,100
F-002691,2026-07-03,ENT-01,Zone North 89011,Logistics,571.07,126.36,63,279,Completed,120
F-002692,2026-07-03,ENT-02,Zone West Central,Express,441.81,107.19,48,237,Completed,95
F-002693,2026-07-03,ENT-03,Downtown Corridor,Fleet,634.33,181.75,73,359,Completed,140
F-002694,2026-07-03,ENT-04,Henderson South,Logistics,482.95,107.23,52,265,Completed,110
F-002695,2026-07-03,ENT-05,Summerlin,Express,643.92,134.61,62,329,Completed,125
F-002696,2026-07-03,ENT-06,Strip Core,Fleet,708.16,222.8,71,342,Completed,190
F-002697,2026-07-03,ENT-07,North Las Vegas,Logistics,473.51,97.98,51,250,Completed,105
F-002698,2026-07-03,ENT-08,Spring Valley,Express,385.7,93.73,39,206,Completed,90
F-002699,2026-07-03,ENT-09,Airport Corridor,Fleet,680.1,183.45,66,345,Completed,160
F-002700,2026-07-03,ENT-10,Boulder Highway,Logistics,356.32,118.57,35,181,Completed,100
F-002701,2026-07-04,ENT-01,Zone North 89011,Logistics,352.41,120.14,38,181,Completed,120
F-002702,2026-07-04,ENT-02,Zone West Central,Express,362.5,104.18,42,196,Completed,95
F-002703,2026-07-04,ENT-03,Downtown Corridor,Fleet,321.75,182.6,31,153,Completed,140
F-002704,2026-07-04,ENT-04,Henderson South,Logistics,280.18,110.43,29,155,Completed,110
F-002705,2026-07-04,ENT-05,Summerlin,Express,437.23,119.7,46,211,Completed,125
F-002706,2026-07-04,ENT-06,Strip Core,Fleet,566.33,225.72,54,288,Completed,190
F-002707,2026-07-04,ENT-07,North Las Vegas,Logistics,247.37,112.09,25,114,Completed,105
F-002708,2026-07-04,ENT-08,Spring Valley,Express,300.64,95.26,30,133,Completed,90
F-002709,2026-07-04,ENT-09,Airport Corridor,Fleet,404.99,160.46,39,205,Completed,160
F-002710,2026-07-04,ENT-10,Boulder Highway,Logistics,226.45,124.16,25,153,Completed,100
F-002711,2026-07-05,ENT-01,Zone North 89011,Logistics,634.49,127.62,73,356,Completed,120
F-002712,2026-07-05,ENT-02,Zone West Central,Express,536.63,104.29,59,301,Completed,95
F-002713,2026-07-05,ENT-03,Downtown Corridor,Fleet,569.83,188.07,67,318,Completed,140
F-002714,2026-07-05,ENT-04,Henderson South,Logistics,559.23,111.27,56,274,Completed,110
F-002715,2026-07-05,ENT-05,Summerlin,Express,800.04,118.3,91,418,Completed,125
F-002716,2026-07-05,ENT-06,Strip Core,Fleet,922.62,228.64,93,481,Delayed,190
F-002717,2026-07-05,ENT-07,North Las Vegas,Logistics,412.53,111.18,48,192,Completed,105
F-002718,2026-07-05,ENT-08,Spring Valley,Express,462.78,94.2,45,207,Completed,90
F-002719,2026-07-05,ENT-09,Airport Corridor,Fleet,736.6,170.36,77,404,Completed,160
F-002720,2026-07-05,ENT-10,Boulder Highway,Logistics,477.5,113.48,46,236,Completed,100
F-002721,2026-07-06,ENT-01,Zone North 89011,Logistics,509.69,140.82,56,262,Completed,120
F-002722,2026-07-06,ENT-02,Zone West Central,Express,483.05,104.06,49,238,Completed,95
F-002723,2026-07-06,ENT-03,Downtown Corridor,Fleet,630.97,172.9,64,310,Completed,140
F-002724,2026-07-06,ENT-04,Henderson South,Logistics,486.44,120.4,56,297,Completed,110
F-002725,2026-07-06,ENT-05,Summerlin,Express,519.27,121.84,58,265,Completed,125
F-002726,2026-07-06,ENT-06,Strip Core,Fleet,837.02,230.29,91,433,Completed,190
F-002727,2026-07-06,ENT-07,North Las Vegas,Logistics,446.09,109.41,46,232,Completed,105
F-002728,2026-07-06,ENT-08,Spring Valley,Express,444.77,88.74,48,232,Completed,90
F-002729,2026-07-06,ENT-09,Airport Corridor,Fleet,774.12,160.89,81,397,Completed,160
F-002730,2026-07-06,ENT-10,Boulder Highway,Logistics,392.44,122.91,39,180,Completed,100
F-002731,2026-07-07,ENT-01,Zone North 89011,Logistics,508.2,129.4,55,273,Completed,120
F-002732,2026-07-07,ENT-02,Zone West Central,Express,409.64,96.0,41,225,Completed,95
F-002733,2026-07-07,ENT-03,Downtown Corridor,Fleet,681.25,185.63,74,403,Completed,140
F-002734,2026-07-07,ENT-04,Henderson South,Logistics,471.73,120.58,48,217,Completed,110
F-002735,2026-07-07,ENT-05,Summerlin,Express,565.09,128.98,63,286,Completed,125
F-002736,2026-07-07,ENT-06,Strip Core,Fleet,696.24,223.7,77,420,Completed,190
F-002737,2026-07-07,ENT-07,North Las Vegas,Logistics,469.35,102.62,47,217,Completed,105
F-002738,2026-07-07,ENT-08,Spring Valley,Express,446.93,87.63,50,251,Completed,90
F-002739,2026-07-07,ENT-09,Airport Corridor,Fleet,677.51,198.69,71,367,Delayed,160
F-002740,2026-07-07,ENT-10,Boulder Highway,Logistics,384.51,119.58,37,173,Completed,100
F-002741,2026-07-08,ENT-01,Zone North 89011,Logistics,493.27,127.54,50,287,Completed,120
F-002742,2026-07-08,ENT-02,Zone West Central,Express,438.57,111.69,47,260,Delayed,95
F-002743,2026-07-08,ENT-03,Downtown Corridor,Fleet,748.03,186.3,71,349,Completed,140
F-002744,2026-07-08,ENT-04,Henderson South,Logistics,548.34,118.91,53,242,Completed,110
F-002745,2026-07-08,ENT-05,Summerlin,Express,565.66,123.93,60,278,Completed,125
F-002746,2026-07-08,ENT-06,Strip Core,Fleet,854.07,202.64,89,492,Completed,190
F-002747,2026-07-08,ENT-07,North Las Vegas,Logistics,434.8,104.51,46,234,Completed,105
F-002748,2026-07-08,ENT-08,Spring Valley,Express,443.95,91.83,48,235,Completed,90
F-002749,2026-07-08,ENT-09,Airport Corridor,Fleet,725.47,173.7,78,366,Completed,160
F-002750,2026-07-08,ENT-10,Boulder Highway,Logistics,426.29,119.39,42,203,Completed,100
F-002751,2026-07-09,ENT-01,Zone North 89011,Logistics,569.05,124.6,61,303,Completed,120
F-002752,2026-07-09,ENT-02,Zone West Central,Express,398.63,106.67,39,179,Completed,95
F-002753,2026-07-09,ENT-03,Downtown Corridor,Fleet,570.84,191.82,64,297,Completed,140
F-002754,2026-07-09,ENT-04,Henderson South,Logistics,469.96,116.1,49,240,Completed,110
F-002755,2026-07-09,ENT-05,Summerlin,Express,608.88,127.46,61,334,Completed,125
F-002756,2026-07-09,ENT-06,Strip Core,Fleet,830.62,209.04,97,464,Completed,190
F-002757,2026-07-09,ENT-07,North Las Vegas,Logistics,451.79,107.97,45,213,Completed,105
F-002758,2026-07-09,ENT-08,Spring Valley,Express,375.97,96.52,37,210,Completed,90
F-002759,2026-07-09,ENT-09,Airport Corridor,Fleet,820.64,176.26,81,402,Completed,160
F-002760,2026-07-09,ENT-10,Boulder Highway,Logistics,388.05,114.99,38,209,Completed,100
F-002761,2026-07-10,ENT-01,Zone North 89011,Logistics,530.36,129.95,51,273,Completed,120
F-002762,2026-07-10,ENT-02,Zone West Central,Express,473.17,99.73,51,230,Completed,95
F-002763,2026-07-10,ENT-03,Downtown Corridor,Fleet,625.3,179.97,65,292,Completed,140
F-002764,2026-07-10,ENT-04,Henderson South,Logistics,458.91,121.15,47,205,Completed,110
F-002765,2026-07-10,ENT-05,Summerlin,Express,545.44,127.32,53,280,Completed,125
F-002766,2026-07-10,ENT-06,Strip Core,Fleet,708.73,203.65,80,432,Completed,190
F-002767,2026-07-10,ENT-07,North Las Vegas,Logistics,0.0,37.49,0,30,Cancelled,105
F-002768,2026-07-10,ENT-08,Spring Valley,Express,406.16,87.43,46,227,Completed,90
F-002769,2026-07-10,ENT-09,Airport Corridor,Fleet,733.07,175.77,76,388,Completed,160
F-002770,2026-07-10,ENT-10,Boulder Highway,Logistics,409.02,119.81,42,239,Completed,100
F-002771,2026-07-11,ENT-01,Zone North 89011,Logistics,618.57,130.86,71,400,Completed,120
F-002772,2026-07-11,ENT-02,Zone West Central,Express,539.76,92.03,52,263,Completed,95
F-002773,2026-07-11,ENT-03,Downtown Corridor,Fleet,610.0,183.26,71,366,Completed,140
F-002774,2026-07-11,ENT-04,Henderson South,Logistics,537.79,127.31,60,334,Completed,110
F-002775,2026-07-11,ENT-05,Summerlin,Express,808.2,126.11,86,416,Completed,125
F-002776,2026-07-11,ENT-06,Strip Core,Fleet,1006.63,205.96,100,485,Completed,190
F-002777,2026-07-11,ENT-07,North Las Vegas,Logistics,454.2,109.92,50,248,Completed,105
F-002778,2026-07-11,ENT-08,Spring Valley,Express,446.77,95.31,43,216,Completed,90
F-002779,2026-07-11,ENT-09,Airport Corridor,Fleet,659.53,171.34,77,366,Completed,160
F-002780,2026-07-11,ENT-10,Boulder Highway,Logistics,417.8,128.06,46,230,Completed,100
F-002781,2026-07-12,ENT-01,Zone North 89011,Logistics,523.4,118.58,61,291,Completed,120
F-002782,2026-07-12,ENT-02,Zone West Central,Express,537.85,100.96,58,294,Completed,95
F-002783,2026-07-12,ENT-03,Downtown Corridor,Fleet,659.82,175.16,70,344,Completed,140
F-002784,2026-07-12,ENT-04,Henderson South,Logistics,558.43,100.45,60,293,Completed,110
F-002785,2026-07-12,ENT-05,Summerlin,Express,803.42,125.84,88,430,Completed,125
F-002786,2026-07-12,ENT-06,Strip Core,Fleet,1148.52,228.68,114,573,Completed,190
F-002787,2026-07-12,ENT-07,North Las Vegas,Logistics,499.34,114.64,52,257,Completed,105
F-002788,2026-07-12,ENT-08,Spring Valley,Express,485.91,101.27,52,264,Completed,90
F-002789,2026-07-12,ENT-09,Airport Corridor,Fleet,665.95,180.34,69,361,Completed,160
F-002790,2026-07-12,ENT-10,Boulder Highway,Logistics,429.17,123.55,45,211,Completed,100
F-002791,2026-07-13,ENT-01,Zone North 89011,Logistics,531.52,123.3,54,277,Completed,120
F-002792,2026-07-13,ENT-02,Zone West Central,Express,423.49,108.3,46,247,Completed,95
F-002793,2026-07-13,ENT-03,Downtown Corridor,Fleet,553.92,174.73,57,274,Completed,140
F-002794,2026-07-13,ENT-04,Henderson South,Logistics,516.34,126.73,51,246,Completed,110
F-002795,2026-07-13,ENT-05,Summerlin,Express,520.46,118.37,61,327,Completed,125
F-002796,2026-07-13,ENT-06,Strip Core,Fleet,783.99,245.66,89,406,Completed,190
F-002797,2026-07-13,ENT-07,North Las Vegas,Logistics,426.44,110.74,41,186,Completed,105
F-002798,2026-07-13,ENT-08,Spring Valley,Express,428.84,90.4,44,224,Completed,90
F-002799,2026-07-13,ENT-09,Airport Corridor,Fleet,779.53,183.74,81,378,Completed,160
F-002800,2026-07-13,ENT-10,Boulder Highway,Logistics,366.56,128.88,42,220,Completed,100
F-002801,2026-07-14,ENT-01,Zone North 89011,Logistics,516.78,134.86,51,279,Completed,120
F-002802,2026-07-14,ENT-02,Zone West Central,Express,422.75,97.38,42,195,Completed,95
F-002803,2026-07-14,ENT-03,Downtown Corridor,Fleet,639.0,197.02,70,382,Completed,140
F-002804,2026-07-14,ENT-04,Henderson South,Logistics,582.08,126.52,57,313,Completed,110
F-002805,2026-07-14,ENT-05,Summerlin,Express,678.52,126.36,73,400,Completed,125
F-002806,2026-07-14,ENT-06,Strip Core,Fleet,747.97,233.25,85,445,Completed,190
F-002807,2026-07-14,ENT-07,North Las Vegas,Logistics,436.22,110.08,45,215,Completed,105
F-002808,2026-07-14,ENT-08,Spring Valley,Express,357.59,94.22,34,179,Completed,90
F-002809,2026-07-14,ENT-09,Airport Corridor,Fleet,745.58,189.44,83,380,Completed,160
F-002810,2026-07-14,ENT-10,Boulder Highway,Logistics,408.34,136.8,44,208,Completed,100
F-002811,2026-07-15,ENT-01,Zone North 89011,Logistics,584.23,128.73,59,329,Completed,120
F-002812,2026-07-15,ENT-02,Zone West Central,Express,461.9,105.9,45,208,Completed,95
F-002813,2026-07-15,ENT-03,Downtown Corridor,Fleet,664.59,180.43,77,408,Completed,140
F-002814,2026-07-15,ENT-04,Henderson South,Logistics,494.35,123.07,51,223,Completed,110
F-002815,2026-07-15,ENT-05,Summerlin,Express,618.99,125.58,68,323,Completed,125
F-002816,2026-07-15,ENT-06,Strip Core,Fleet,773.76,207.43,81,390,Completed,190
F-002817,2026-07-15,ENT-07,North Las Vegas,Logistics,428.65,107.11,42,186,Completed,105
F-002818,2026-07-15,ENT-08,Spring Valley,Express,399.84,85.86,43,194,Completed,90
F-002819,2026-07-15,ENT-09,Airport Corridor,Fleet,703.88,201.08,75,410,Completed,160
F-002820,2026-07-15,ENT-10,Boulder Highway,Logistics,379.23,117.63,38,199,Completed,100
F-002821,2026-07-16,ENT-01,Zone North 89011,Logistics,628.24,134.29,73,362,Completed,120
F-002822,2026-07-16,ENT-02,Zone West Central,Express,446.35,90.47,50,243,Completed,95
F-002823,2026-07-16,ENT-03,Downtown Corridor,Fleet,615.38,212.96,62,282,Completed,140
F-002824,2026-07-16,ENT-04,Henderson South,Logistics,511.6,118.67,54,290,Completed,110
F-002825,2026-07-16,ENT-05,Summerlin,Express,592.43,134.33,63,265,Completed,125
F-002826,2026-07-16,ENT-06,Strip Core,Fleet,657.36,271.81,69,347,Delayed,190
F-002827,2026-07-16,ENT-07,North Las Vegas,Logistics,490.51,108.18,47,230,Completed,105
F-002828,2026-07-16,ENT-08,Spring Valley,Express,367.99,89.37,40,202,Completed,90
F-002829,2026-07-16,ENT-09,Airport Corridor,Fleet,667.45,177.75,72,360,Completed,160
F-002830,2026-07-16,ENT-10,Boulder Highway,Logistics,417.43,117.7,41,213,Completed,100
F-002831,2026-07-17,ENT-01,Zone North 89011,Logistics,508.56,124.48,58,284,Completed,120
F-002832,2026-07-17,ENT-02,Zone West Central,Express,383.45,93.95,44,191,Completed,95
F-002833,2026-07-17,ENT-03,Downtown Corridor,Fleet,656.73,215.72,76,420,Delayed,140
F-002834,2026-07-17,ENT-04,Henderson South,Logistics,529.27,113.25,61,342,Completed,110
F-002835,2026-07-17,ENT-05,Summerlin,Express,606.5,126.45,66,327,Completed,125
F-002836,2026-07-17,ENT-06,Strip Core,Fleet,654.06,217.68,77,355,Completed,190
F-002837,2026-07-17,ENT-07,North Las Vegas,Logistics,485.21,114.64,48,245,Completed,105
F-002838,2026-07-17,ENT-08,Spring Valley,Express,407.06,95.01,39,192,Completed,90
F-002839,2026-07-17,ENT-09,Airport Corridor,Fleet,740.93,179.56,84,463,Completed,160
F-002840,2026-07-17,ENT-10,Boulder Highway,Logistics,384.02,119.47,39,172,Completed,100
F-002841,2026-07-18,ENT-01,Zone North 89011,Logistics,577.1,144.75,58,307,Completed,120
F-002842,2026-07-18,ENT-02,Zone West Central,Express,506.34,85.07,52,246,Completed,95
F-002843,2026-07-18,ENT-03,Downtown Corridor,Fleet,589.56,186.2,68,290,Completed,140
F-002844,2026-07-18,ENT-04,Henderson South,Logistics,620.36,104.48,73,354,Completed,110
F-002845,2026-07-18,ENT-05,Summerlin,Express,717.85,124.76,69,353,Completed,125
F-002846,2026-07-18,ENT-06,Strip Core,Fleet,1106.95,212.4,115,567,Completed,190
F-002847,2026-07-18,ENT-07,North Las Vegas,Logistics,0.0,35.2,0,30,Cancelled,105
F-002848,2026-07-18,ENT-08,Spring Valley,Express,424.44,96.92,47,227,Completed,90
F-002849,2026-07-18,ENT-09,Airport Corridor,Fleet,647.57,172.48,75,364,Completed,160
F-002850,2026-07-18,ENT-10,Boulder Highway,Logistics,384.47,112.41,41,210,Completed,100
F-002851,2026-07-19,ENT-01,Zone North 89011,Logistics,609.21,123.88,61,322,Completed,120
F-002852,2026-07-19,ENT-02,Zone West Central,Express,565.43,98.33,57,309,Completed,95
F-002853,2026-07-19,ENT-03,Downtown Corridor,Fleet,621.23,180.39,68,356,Completed,140
F-002854,2026-07-19,ENT-04,Henderson South,Logistics,541.55,118.07,59,312,Completed,110
F-002855,2026-07-19,ENT-05,Summerlin,Express,750.38,130.63,77,413,Completed,125
F-002856,2026-07-19,ENT-06,Strip Core,Fleet,1089.32,212.12,123,583,Completed,190
F-002857,2026-07-19,ENT-07,North Las Vegas,Logistics,436.68,108.4,49,261,Completed,105
F-002858,2026-07-19,ENT-08,Spring Valley,Express,457.26,93.05,53,265,Completed,90
F-002859,2026-07-19,ENT-09,Airport Corridor,Fleet,690.62,175.51,74,380,Completed,160
F-002860,2026-07-19,ENT-10,Boulder Highway,Logistics,396.45,122.51,42,186,Completed,100
F-002861,2026-07-20,ENT-01,Zone North 89011,Logistics,601.99,139.57,65,328,Completed,120
F-002862,2026-07-20,ENT-02,Zone West Central,Express,448.43,105.86,43,231,Delayed,95
F-002863,2026-07-20,ENT-03,Downtown Corridor,Fleet,661.22,147.97,63,327,Completed,140
F-002864,2026-07-20,ENT-04,Henderson South,Logistics,460.05,126.09,49,240,Completed,110
F-002865,2026-07-20,ENT-05,Summerlin,Express,715.99,130.4,73,395,Completed,125
F-002866,2026-07-20,ENT-06,Strip Core,Fleet,662.61,227.47,77,392,Completed,190
F-002867,2026-07-20,ENT-07,North Las Vegas,Logistics,451.6,109.72,53,272,Completed,105
F-002868,2026-07-20,ENT-08,Spring Valley,Express,432.34,96.48,49,258,Completed,90
F-002869,2026-07-20,ENT-09,Airport Corridor,Fleet,736.34,173.66,74,335,Completed,160
F-002870,2026-07-20,ENT-10,Boulder Highway,Logistics,449.28,123.68,45,217,Completed,100
F-002871,2026-07-21,ENT-01,Zone North 89011,Logistics,504.52,123.03,53,242,Completed,120
F-002872,2026-07-21,ENT-02,Zone West Central,Express,469.85,104.83,47,250,Completed,95
F-002873,2026-07-21,ENT-03,Downtown Corridor,Fleet,576.2,188.05,60,314,Completed,140
F-002874,2026-07-21,ENT-04,Henderson South,Logistics,566.27,115.23,56,292,Completed,110
F-002875,2026-07-21,ENT-05,Summerlin,Express,614.92,134.31,59,273,Completed,125
F-002876,2026-07-21,ENT-06,Strip Core,Fleet,649.49,245.32,71,321,Delayed,190
F-002877,2026-07-21,ENT-07,North Las Vegas,Logistics,496.12,113.87,50,251,Completed,105
F-002878,2026-07-21,ENT-08,Spring Valley,Express,429.97,86.78,42,191,Completed,90
F-002879,2026-07-21,ENT-09,Airport Corridor,Fleet,694.21,169.75,77,383,Completed,160
F-002880,2026-07-21,ENT-10,Boulder Highway,Logistics,415.44,129.94,48,252,Completed,100
F-002881,2026-07-22,ENT-01,Zone North 89011,Logistics,587.09,124.21,66,316,Completed,120
F-002882,2026-07-22,ENT-02,Zone West Central,Express,473.12,99.6,55,294,Completed,95
F-002883,2026-07-22,ENT-03,Downtown Corridor,Fleet,644.64,177.52,65,329,Completed,140
F-002884,2026-07-22,ENT-04,Henderson South,Logistics,507.87,121.78,59,302,Completed,110
F-002885,2026-07-22,ENT-05,Summerlin,Express,616.77,127.52,72,352,Completed,125
F-002886,2026-07-22,ENT-06,Strip Core,Fleet,878.62,225.02,98,506,Completed,190
F-002887,2026-07-22,ENT-07,North Las Vegas,Logistics,426.63,111.05,49,250,Completed,105
F-002888,2026-07-22,ENT-08,Spring Valley,Express,425.5,95.16,46,245,Completed,90
F-002889,2026-07-22,ENT-09,Airport Corridor,Fleet,674.9,159.07,73,376,Completed,160
F-002890,2026-07-22,ENT-10,Boulder Highway,Logistics,379.92,121.68,38,168,Completed,100
F-002891,2026-07-23,ENT-01,Zone North 89011,Logistics,587.09,115.85,68,342,Completed,120
F-002892,2026-07-23,ENT-02,Zone West Central,Express,476.76,99.28,50,242,Completed,95
F-002893,2026-07-23,ENT-03,Downtown Corridor,Fleet,612.19,195.4,60,328,Completed,140
F-002894,2026-07-23,ENT-04,Henderson South,Logistics,500.06,118.33,51,247,Completed,110
F-002895,2026-07-23,ENT-05,Summerlin,Express,652.26,129.64,71,339,Completed,125
F-002896,2026-07-23,ENT-06,Strip Core,Fleet,892.79,218.99,95,529,Completed,190
F-002897,2026-07-23,ENT-07,North Las Vegas,Logistics,440.06,101.21,49,259,Completed,105
F-002898,2026-07-23,ENT-08,Spring Valley,Express,418.78,87.59,47,230,Completed,90
F-002899,2026-07-23,ENT-09,Airport Corridor,Fleet,732.94,171.44,83,391,Completed,160
F-002900,2026-07-23,ENT-10,Boulder Highway,Logistics,403.4,124.93,41,188,Completed,100
F-002901,2026-07-24,ENT-01,Zone North 89011,Logistics,586.2,135.6,60,308,Completed,120
F-002902,2026-07-24,ENT-02,Zone West Central,Express,429.63,112.39,43,227,Completed,95
F-002903,2026-07-24,ENT-03,Downtown Corridor,Fleet,680.76,191.49,67,298,Completed,140
F-002904,2026-07-24,ENT-04,Henderson South,Logistics,488.17,117.64,54,262,Completed,110
F-002905,2026-07-24,ENT-05,Summerlin,Express,670.03,132.3,64,301,Delayed,125
F-002906,2026-07-24,ENT-06,Strip Core,Fleet,805.08,210.36,90,471,Completed,190
F-002907,2026-07-24,ENT-07,North Las Vegas,Logistics,470.04,104.89,46,231,Completed,105
F-002908,2026-07-24,ENT-08,Spring Valley,Express,410.17,85.77,43,236,Completed,90
F-002909,2026-07-24,ENT-09,Airport Corridor,Fleet,775.57,168.2,85,400,Completed,160
F-002910,2026-07-24,ENT-10,Boulder Highway,Logistics,359.66,123.46,35,170,Completed,100
F-002911,2026-07-25,ENT-01,Zone North 89011,Logistics,645.85,123.97,70,356,Completed,120
F-002912,2026-07-25,ENT-02,Zone West Central,Express,513.74,105.22,49,221,Completed,95
F-002913,2026-07-25,ENT-03,Downtown Corridor,Fleet,568.25,193.63,62,278,Completed,140
F-002914,2026-07-25,ENT-04,Henderson South,Logistics,477.89,113.93,46,211,Delayed,110
F-002915,2026-07-25,ENT-05,Summerlin,Express,768.43,128.72,79,398,Completed,125
F-002916,2026-07-25,ENT-06,Strip Core,Fleet,1024.14,199.33,100,493,Completed,190
F-002917,2026-07-25,ENT-07,North Las Vegas,Logistics,361.18,114.79,39,211,Completed,105
F-002918,2026-07-25,ENT-08,Spring Valley,Express,476.52,82.33,45,260,Completed,90
F-002919,2026-07-25,ENT-09,Airport Corridor,Fleet,634.86,163.74,62,336,Completed,160
F-002920,2026-07-25,ENT-10,Boulder Highway,Logistics,370.13,119.22,43,227,Completed,100
F-002921,2026-07-26,ENT-01,Zone North 89011,Logistics,618.44,139.1,59,318,Completed,120
F-002922,2026-07-26,ENT-02,Zone West Central,Express,498.85,106.57,49,256,Delayed,95
F-002923,2026-07-26,ENT-03,Downtown Corridor,Fleet,573.3,189.32,60,289,Completed,140
F-002924,2026-07-26,ENT-04,Henderson South,Logistics,483.98,133.98,53,291,Delayed,110
F-002925,2026-07-26,ENT-05,Summerlin,Express,608.71,131.82,67,343,Completed,125
F-002926,2026-07-26,ENT-06,Strip Core,Fleet,961.41,234.37,109,562,Completed,190
F-002927,2026-07-26,ENT-07,North Las Vegas,Logistics,463.79,108.09,46,247,Completed,105
F-002928,2026-07-26,ENT-08,Spring Valley,Express,454.49,86.26,49,243,Completed,90
F-002929,2026-07-26,ENT-09,Airport Corridor,Fleet,699.94,185.97,68,367,Completed,160
F-002930,2026-07-26,ENT-10,Boulder Highway,Logistics,410.14,117.66,40,165,Completed,100
F-002931,2026-07-27,ENT-01,Zone North 89011,Logistics,586.01,123.15,60,285,Completed,120
F-002932,2026-07-27,ENT-02,Zone West Central,Express,441.83,100.34,48,227,Completed,95
F-002933,2026-07-27,ENT-03,Downtown Corridor,Fleet,591.69,162.15,69,352,Completed,140
F-002934,2026-07-27,ENT-04,Henderson South,Logistics,513.32,129.41,54,294,Completed,110
F-002935,2026-07-27,ENT-05,Summerlin,Express,733.93,137.51,82,382,Completed,125
F-002936,2026-07-27,ENT-06,Strip Core,Fleet,748.69,232.55,75,398,Completed,190
F-002937,2026-07-27,ENT-07,North Las Vegas,Logistics,483.61,119.21,48,228,Completed,105
F-002938,2026-07-27,ENT-08,Spring Valley,Express,331.5,84.98,37,197,Completed,90
F-002939,2026-07-27,ENT-09,Airport Corridor,Fleet,752.51,188.17,80,418,Completed,160
F-002940,2026-07-27,ENT-10,Boulder Highway,Logistics,430.47,121.5,46,237,Completed,100
F-002941,2026-07-28,ENT-01,Zone North 89011,Logistics,613.71,117.54,69,317,Completed,120
F-002942,2026-07-28,ENT-02,Zone West Central,Express,457.3,104.59,53,283,Completed,95
F-002943,2026-07-28,ENT-03,Downtown Corridor,Fleet,690.7,187.01,69,317,Completed,140
F-002944,2026-07-28,ENT-04,Henderson South,Logistics,525.64,122.3,55,251,Completed,110
F-002945,2026-07-28,ENT-05,Summerlin,Express,593.59,144.66,57,290,Delayed,125
F-002946,2026-07-28,ENT-06,Strip Core,Fleet,767.73,214.02,75,379,Completed,190
F-002947,2026-07-28,ENT-07,North Las Vegas,Logistics,482.18,103.6,53,283,Completed,105
F-002948,2026-07-28,ENT-08,Spring Valley,Express,379.43,87.82,43,249,Completed,90
F-002949,2026-07-28,ENT-09,Airport Corridor,Fleet,731.16,190.82,70,356,Completed,160
F-002950,2026-07-28,ENT-10,Boulder Highway,Logistics,0.0,42.69,0,30,Cancelled,100
F-002951,2026-07-29,ENT-01,Zone North 89011,Logistics,635.2,125.46,64,319,Completed,120
F-002952,2026-07-29,ENT-02,Zone West Central,Express,374.92,104.51,41,243,Completed,95
F-002953,2026-07-29,ENT-03,Downtown Corridor,Fleet,535.84,161.38,55,294,Completed,140
F-002954,2026-07-29,ENT-04,Henderson South,Logistics,616.43,120.14,71,350,Completed,110
F-002955,2026-07-29,ENT-05,Summerlin,Express,565.81,124.0,60,282,Completed,125
F-002956,2026-07-29,ENT-06,Strip Core,Fleet,776.36,230.27,77,416,Delayed,190
F-002957,2026-07-29,ENT-07,North Las Vegas,Logistics,458.12,110.46,51,247,Completed,105
F-002958,2026-07-29,ENT-08,Spring Valley,Express,423.62,93.74,42,192,Completed,90
F-002959,2026-07-29,ENT-09,Airport Corridor,Fleet,699.54,177.94,69,313,Completed,160
F-002960,2026-07-29,ENT-10,Boulder Highway,Logistics,432.26,127.06,47,205,Completed,100
F-002961,2026-07-30,ENT-01,Zone North 89011,Logistics,545.65,123.5,53,256,Completed,120
F-002962,2026-07-30,ENT-02,Zone West Central,Express,441.86,100.44,46,217,Completed,95
F-002963,2026-07-30,ENT-03,Downtown Corridor,Fleet,629.92,197.63,71,360,Completed,140
F-002964,2026-07-30,ENT-04,Henderson South,Logistics,526.92,117.95,62,329,Completed,110
F-002965,2026-07-30,ENT-05,Summerlin,Express,591.14,122.44,68,344,Completed,125
F-002966,2026-07-30,ENT-06,Strip Core,Fleet,684.31,241.88,74,359,Delayed,190
F-002967,2026-07-30,ENT-07,North Las Vegas,Logistics,438.34,104.14,46,227,Completed,105
F-002968,2026-07-30,ENT-08,Spring Valley,Express,450.43,89.76,45,212,Completed,90
F-002969,2026-07-30,ENT-09,Airport Corridor,Fleet,664.02,162.26,64,344,Completed,160
F-002970,2026-07-30,ENT-10,Boulder Highway,Logistics,386.32,112.78,38,206,Completed,100
F-002971,2026-07-31,ENT-01,Zone North 89011,Logistics,611.12,122.2,62,304,Completed,120
F-002972,2026-07-31,ENT-02,Zone West Central,Express,449.38,98.76,43,210,Completed,95
F-002973,2026-07-31,ENT-03,Downtown Corridor,Fleet,675.41,169.64,77,360,Completed,140
F-002974,2026-07-31,ENT-04,Henderson South,Logistics,538.01,124.83,58,296,Completed,110
F-002975,2026-07-31,ENT-05,Summerlin,Express,554.67,122.01,59,317,Completed,125
F-002976,2026-07-31,ENT-06,Strip Core,Fleet,790.99,207.48,80,391,Completed,190
F-002977,2026-07-31,ENT-07,North Las Vegas,Logistics,422.06,114.51,41,236,Completed,105
F-002978,2026-07-31,ENT-08,Spring Valley,Express,449.81,88.17,53,287,Completed,90
F-002979,2026-07-31,ENT-09,Airport Corridor,Fleet,770.73,177.35,78,407,Completed,160
F-002980,2026-07-31,ENT-10,Boulder Highway,Logistics,407.39,131.17,39,191,Completed,100
F-002981,2026-08-01,ENT-01,Zone North 89011,Logistics,656.92,133.27,75,388,Completed,120
F-002982,2026-08-01,ENT-02,Zone West Central,Express,578.51,95.42,65,302,Completed,95
F-002983,2026-08-01,ENT-03,Downtown Corridor,Fleet,574.12,190.66,64,333,Completed,140
F-002984,2026-08-01,ENT-04,Henderson South,Logistics,546.68,106.25,57,271,Completed,110
F-002985,2026-08-01,ENT-05,Summerlin,Express,695.2,131.68,75,368,Completed,125
F-002986,2026-08-01,ENT-06,Strip Core,Fleet,1140.45,217.68,114,578,Completed,190
F-002987,2026-08-01,ENT-07,North Las Vegas,Logistics,460.59,112.08,47,245,Completed,105
F-002988,2026-08-01,ENT-08,Spring Valley,Express,457.55,92.09,45,208,Completed,90
F-002989,2026-08-01,ENT-09,Airport Corridor,Fleet,641.13,177.44,63,285,Completed,160
F-002990,2026-08-01,ENT-10,Boulder Highway,Logistics,387.7,116.7,45,206,Completed,100
F-002991,2026-08-02,ENT-01,Zone North 89011,Logistics,546.42,131.4,53,278,Completed,120
F-002992,2026-08-02,ENT-02,Zone West Central,Express,501.92,99.04,56,254,Completed,95
F-002993,2026-08-02,ENT-03,Downtown Corridor,Fleet,564.78,185.94,59,275,Completed,140
F-002994,2026-08-02,ENT-04,Henderson South,Logistics,533.25,116.07,52,261,Completed,110
F-002995,2026-08-02,ENT-05,Summerlin,Express,753.88,135.15,82,388,Completed,125
F-002996,2026-08-02,ENT-06,Strip Core,Fleet,981.16,226.74,108,541,Completed,190
F-002997,2026-08-02,ENT-07,North Las Vegas,Logistics,432.96,123.77,45,230,Completed,105
F-002998,2026-08-02,ENT-08,Spring Valley,Express,461.06,91.61,53,264,Completed,90
F-002999,2026-08-02,ENT-09,Airport Corridor,Fleet,574.18,180.16,60,310,Completed,160
F-003000,2026-08-02,ENT-10,Boulder Highway,Logistics,390.95,123.39,41,186,Delayed,100
F-003001,2026-08-03,ENT-01,Zone North 89011,Logistics,583.83,110.33,56,263,Completed,120
F-003002,2026-08-03,ENT-02,Zone West Central,Express,462.31,97.82,53,264,Completed,95
F-003003,2026-08-03,ENT-03,Downtown Corridor,Fleet,610.31,182.32,67,321,Completed,140
F-003004,2026-08-03,ENT-04,Henderson South,Logistics,505.73,116.34,57,277,Completed,110
F-003005,2026-08-03,ENT-05,Summerlin,Express,624.55,132.26,73,334,Completed,125
F-003006,2026-08-03,ENT-06,Strip Core,Fleet,816.57,199.55,88,462,Completed,190
F-003007,2026-08-03,ENT-07,North Las Vegas,Logistics,466.19,108.07,44,219,Completed,105
F-003008,2026-08-03,ENT-08,Spring Valley,Express,348.48,87.97,33,152,Completed,90
F-003009,2026-08-03,ENT-09,Airport Corridor,Fleet,722.63,170.9,76,412,Completed,160
F-003010,2026-08-03,ENT-10,Boulder Highway,Logistics,405.35,128.09,47,224,Completed,100
F-003011,2026-08-04,ENT-01,Zone North 89011,Logistics,515.12,123.86,58,297,Delayed,120
F-003012,2026-08-04,ENT-02,Zone West Central,Express,421.57,95.26,42,223,Completed,95
F-003013,2026-08-04,ENT-03,Downtown Corridor,Fleet,661.48,177.74,63,322,Completed,140
F-003014,2026-08-04,ENT-04,Henderson South,Logistics,0.0,43.03,0,30,Cancelled,110
F-003015,2026-08-04,ENT-05,Summerlin,Express,629.72,121.49,70,365,Completed,125
F-003016,2026-08-04,ENT-06,Strip Core,Fleet,831.57,213.15,80,358,Completed,190
F-003017,2026-08-04,ENT-07,North Las Vegas,Logistics,474.3,106.7,49,245,Completed,105
F-003018,2026-08-04,ENT-08,Spring Valley,Express,483.29,96.23,56,303,Completed,90
F-003019,2026-08-04,ENT-09,Airport Corridor,Fleet,733.75,181.95,73,385,Completed,160
F-003020,2026-08-04,ENT-10,Boulder Highway,Logistics,402.47,119.77,47,263,Completed,100
F-003021,2026-08-05,ENT-01,Zone North 89011,Logistics,446.94,131.2,44,232,Completed,120
F-003022,2026-08-05,ENT-02,Zone West Central,Express,436.65,94.78,43,210,Completed,95
F-003023,2026-08-05,ENT-03,Downtown Corridor,Fleet,673.18,182.53,68,361,Completed,140
F-003024,2026-08-05,ENT-04,Henderson South,Logistics,615.13,106.26,60,312,Completed,110
F-003025,2026-08-05,ENT-05,Summerlin,Express,589.33,119.11,68,336,Completed,125
F-003026,2026-08-05,ENT-06,Strip Core,Fleet,717.1,223.64,75,375,Completed,190
F-003027,2026-08-05,ENT-07,North Las Vegas,Logistics,480.58,107.75,49,242,Completed,105
F-003028,2026-08-05,ENT-08,Spring Valley,Express,409.08,96.23,42,230,Completed,90
F-003029,2026-08-05,ENT-09,Airport Corridor,Fleet,642.33,186.92,71,353,Completed,160
F-003030,2026-08-05,ENT-10,Boulder Highway,Logistics,319.21,111.68,32,151,Completed,100
F-003031,2026-08-06,ENT-01,Zone North 89011,Logistics,558.99,130.16,65,330,Completed,120
F-003032,2026-08-06,ENT-02,Zone West Central,Express,437.77,92.67,43,191,Completed,95
F-003033,2026-08-06,ENT-03,Downtown Corridor,Fleet,694.6,212.1,80,432,Delayed,140
F-003034,2026-08-06,ENT-04,Henderson South,Logistics,441.95,125.19,46,204,Delayed,110
F-003035,2026-08-06,ENT-05,Summerlin,Express,547.64,119.81,59,297,Completed,125
F-003036,2026-08-06,ENT-06,Strip Core,Fleet,657.31,224.62,64,346,Completed,190
F-003037,2026-08-06,ENT-07,North Las Vegas,Logistics,461.68,104.6,52,244,Completed,105
F-003038,2026-08-06,ENT-08,Spring Valley,Express,403.07,94.67,41,202,Completed,90
F-003039,2026-08-06,ENT-09,Airport Corridor,Fleet,680.08,184.95,66,358,Delayed,160
F-003040,2026-08-06,ENT-10,Boulder Highway,Logistics,396.33,128.64,42,255,Completed,100
F-003041,2026-08-07,ENT-01,Zone North 89011,Logistics,601.74,127.53,63,314,Completed,120
F-003042,2026-08-07,ENT-02,Zone West Central,Express,464.57,101.69,48,236,Completed,95
F-003043,2026-08-07,ENT-03,Downtown Corridor,Fleet,611.22,184.7,60,279,Completed,140
F-003044,2026-08-07,ENT-04,Henderson South,Logistics,483.06,107.29,49,215,Completed,110
F-003045,2026-08-07,ENT-05,Summerlin,Express,666.95,122.02,74,363,Completed,125
F-003046,2026-08-07,ENT-06,Strip Core,Fleet,758.05,222.07,86,418,Completed,190
F-003047,2026-08-07,ENT-07,North Las Vegas,Logistics,487.92,105.59,48,217,Completed,105
F-003048,2026-08-07,ENT-08,Spring Valley,Express,382.15,94.91,44,232,Completed,90
F-003049,2026-08-07,ENT-09,Airport Corridor,Fleet,809.15,170.25,92,447,Completed,160
F-003050,2026-08-07,ENT-10,Boulder Highway,Logistics,346.89,115.54,35,173,Completed,100
F-003051,2026-08-08,ENT-01,Zone North 89011,Logistics,529.18,134.22,54,301,Completed,120
F-003052,2026-08-08,ENT-02,Zone West Central,Express,561.64,95.86,57,295,Completed,95
F-003053,2026-08-08,ENT-03,Downtown Corridor,Fleet,586.19,189.52,60,322,Completed,140
F-003054,2026-08-08,ENT-04,Henderson South,Logistics,563.58,104.71,64,331,Completed,110
F-003055,2026-08-08,ENT-05,Summerlin,Express,824.34,132.67,81,416,Completed,125
F-003056,2026-08-08,ENT-06,Strip Core,Fleet,1121.35,205.67,117,598,Completed,190
F-003057,2026-08-08,ENT-07,North Las Vegas,Logistics,0.0,37.59,0,30,Cancelled,105
F-003058,2026-08-08,ENT-08,Spring Valley,Express,484.4,95.88,56,278,Completed,90
F-003059,2026-08-08,ENT-09,Airport Corridor,Fleet,669.63,180.58,79,426,Completed,160
F-003060,2026-08-08,ENT-10,Boulder Highway,Logistics,461.54,129.36,49,251,Completed,100
F-003061,2026-08-09,ENT-01,Zone North 89011,Logistics,470.17,137.29,48,245,Delayed,120
F-003062,2026-08-09,ENT-02,Zone West Central,Express,497.14,98.66,57,270,Completed,95
F-003063,2026-08-09,ENT-03,Downtown Corridor,Fleet,587.61,199.05,63,304,Completed,140
F-003064,2026-08-09,ENT-04,Henderson South,Logistics,567.67,117.36,58,296,Completed,110
F-003065,2026-08-09,ENT-05,Summerlin,Express,734.66,121.8,71,357,Completed,125
F-003066,2026-08-09,ENT-06,Strip Core,Fleet,999.13,223.77,106,554,Completed,190
F-003067,2026-08-09,ENT-07,North Las Vegas,Logistics,378.18,126.09,42,222,Delayed,105
F-003068,2026-08-09,ENT-08,Spring Valley,Express,494.08,91.24,57,297,Completed,90
F-003069,2026-08-09,ENT-09,Airport Corridor,Fleet,669.91,176.32,76,378,Completed,160
F-003070,2026-08-09,ENT-10,Boulder Highway,Logistics,398.83,121.85,43,213,Completed,100
F-003071,2026-08-10,ENT-01,Zone North 89011,Logistics,612.85,126.79,69,322,Completed,120
F-003072,2026-08-10,ENT-02,Zone West Central,Express,435.74,94.76,49,215,Completed,95
F-003073,2026-08-10,ENT-03,Downtown Corridor,Fleet,672.7,178.92,67,297,Completed,140
F-003074,2026-08-10,ENT-04,Henderson South,Logistics,544.38,106.24,53,289,Completed,110
F-003075,2026-08-10,ENT-05,Summerlin,Express,632.89,133.94,62,324,Completed,125
F-003076,2026-08-10,ENT-06,Strip Core,Fleet,733.77,226.58,79,405,Completed,190
F-003077,2026-08-10,ENT-07,North Las Vegas,Logistics,410.01,109.3,39,208,Completed,105
F-003078,2026-08-10,ENT-08,Spring Valley,Express,361.24,94.8,38,216,Completed,90
F-003079,2026-08-10,ENT-09,Airport Corridor,Fleet,835.28,193.17,85,447,Completed,160
F-003080,2026-08-10,ENT-10,Boulder Highway,Logistics,418.05,119.39,44,233,Completed,100
F-003081,2026-08-11,ENT-01,Zone North 89011,Logistics,534.21,130.51,54,232,Completed,120
F-003082,2026-08-11,ENT-02,Zone West Central,Express,448.63,99.47,43,186,Completed,95
F-003083,2026-08-11,ENT-03,Downtown Corridor,Fleet,603.2,195.88,62,302,Completed,140
F-003084,2026-08-11,ENT-04,Henderson South,Logistics,526.4,125.37,54,251,Completed,110
F-003085,2026-08-11,ENT-05,Summerlin,Express,614.45,114.96,65,307,Completed,125
F-003086,2026-08-11,ENT-06,Strip Core,Fleet,811.48,246.84,80,430,Completed,190
F-003087,2026-08-11,ENT-07,North Las Vegas,Logistics,432.48,108.23,49,274,Completed,105
F-003088,2026-08-11,ENT-08,Spring Valley,Express,414.94,95.33,40,206,Completed,90
F-003089,2026-08-11,ENT-09,Airport Corridor,Fleet,689.78,179.61,71,328,Completed,160
F-003090,2026-08-11,ENT-10,Boulder Highway,Logistics,415.74,114.7,47,218,Completed,100
F-003091,2026-08-12,ENT-01,Zone North 89011,Logistics,498.33,119.77,59,290,Completed,120
F-003092,2026-08-12,ENT-02,Zone West Central,Express,458.99,99.04,49,253,Completed,95
F-003093,2026-08-12,ENT-03,Downtown Corridor,Fleet,0.0,67.58,0,30,Cancelled,140
F-003094,2026-08-12,ENT-04,Henderson South,Logistics,551.26,109.2,57,278,Completed,110
F-003095,2026-08-12,ENT-05,Summerlin,Express,590.13,120.15,61,305,Completed,125
F-003096,2026-08-12,ENT-06,Strip Core,Fleet,807.38,196.28,79,369,Completed,190
F-003097,2026-08-12,ENT-07,North Las Vegas,Logistics,433.07,110.93,42,192,Completed,105
F-003098,2026-08-12,ENT-08,Spring Valley,Express,445.0,93.07,44,216,Completed,90
F-003099,2026-08-12,ENT-09,Airport Corridor,Fleet,711.45,184.49,81,423,Completed,160
F-003100,2026-08-12,ENT-10,Boulder Highway,Logistics,335.85,119.93,32,158,Completed,100
F-003101,2026-08-13,ENT-01,Zone North 89011,Logistics,582.34,133.04,64,347,Completed,120
F-003102,2026-08-13,ENT-02,Zone West Central,Express,466.21,101.38,49,269,Completed,95
F-003103,2026-08-13,ENT-03,Downtown Corridor,Fleet,769.68,185.38,87,460,Completed,140
F-003104,2026-08-13,ENT-04,Henderson South,Logistics,541.48,113.87,56,266,Completed,110
F-003105,2026-08-13,ENT-05,Summerlin,Express,646.24,114.64,70,378,Completed,125
F-003106,2026-08-13,ENT-06,Strip Core,Fleet,829.57,242.59,97,457,Completed,190
F-003107,2026-08-13,ENT-07,North Las Vegas,Logistics,437.64,100.17,47,249,Completed,105
F-003108,2026-08-13,ENT-08,Spring Valley,Express,347.24,100.65,38,182,Delayed,90
F-003109,2026-08-13,ENT-09,Airport Corridor,Fleet,624.98,168.98,67,358,Completed,160
F-003110,2026-08-13,ENT-10,Boulder Highway,Logistics,316.53,113.37,33,177,Completed,100
F-003111,2026-08-14,ENT-01,Zone North 89011,Logistics,573.23,127.05,61,318,Completed,120
F-003112,2026-08-14,ENT-02,Zone West Central,Express,444.77,98.25,51,231,Completed,95
F-003113,2026-08-14,ENT-03,Downtown Corridor,Fleet,630.7,198.79,72,379,Delayed,140
F-003114,2026-08-14,ENT-04,Henderson South,Logistics,542.29,109.35,52,248,Completed,110
F-003115,2026-08-14,ENT-05,Summerlin,Express,577.51,129.92,66,364,Completed,125
F-003116,2026-08-14,ENT-06,Strip Core,Fleet,887.21,209.25,97,471,Completed,190
F-003117,2026-08-14,ENT-07,North Las Vegas,Logistics,501.22,123.68,52,257,Completed,105
F-003118,2026-08-14,ENT-08,Spring Valley,Express,465.44,88.95,49,233,Completed,90
F-003119,2026-08-14,ENT-09,Airport Corridor,Fleet,661.85,183.85,72,357,Completed,160
F-003120,2026-08-14,ENT-10,Boulder Highway,Logistics,380.21,133.26,42,206,Completed,100
F-003121,2026-08-15,ENT-01,Zone North 89011,Logistics,668.63,109.04,67,331,Completed,120
F-003122,2026-08-15,ENT-02,Zone West Central,Express,623.1,99.88,67,341,Completed,95
F-003123,2026-08-15,ENT-03,Downtown Corridor,Fleet,660.56,176.87,66,344,Completed,140
F-003124,2026-08-15,ENT-04,Henderson South,Logistics,526.32,113.02,52,252,Completed,110
F-003125,2026-08-15,ENT-05,Summerlin,Express,685.87,123.81,75,379,Completed,125
F-003126,2026-08-15,ENT-06,Strip Core,Fleet,1054.45,210.37,115,589,Completed,190
F-003127,2026-08-15,ENT-07,North Las Vegas,Logistics,403.83,127.48,44,219,Delayed,105
F-003128,2026-08-15,ENT-08,Spring Valley,Express,489.16,91.22,57,280,Completed,90
F-003129,2026-08-15,ENT-09,Airport Corridor,Fleet,730.62,181.73,77,394,Completed,160
F-003130,2026-08-15,ENT-10,Boulder Highway,Logistics,374.21,127.02,37,202,Completed,100
F-003131,2026-08-16,ENT-01,Zone North 89011,Logistics,672.04,135.3,73,359,Completed,120
F-003132,2026-08-16,ENT-02,Zone West Central,Express,497.67,99.79,56,282,Completed,95
F-003133,2026-08-16,ENT-03,Downtown Corridor,Fleet,507.13,186.37,58,295,Completed,140
F-003134,2026-08-16,ENT-04,Henderson South,Logistics,595.07,116.35,58,304,Completed,110
F-003135,2026-08-16,ENT-05,Summerlin,Express,713.67,126.34,75,359,Completed,125
F-003136,2026-08-16,ENT-06,Strip Core,Fleet,1055.63,224.28,124,639,Completed,190
F-003137,2026-08-16,ENT-07,North Las Vegas,Logistics,433.71,111.98,49,239,Completed,105
F-003138,2026-08-16,ENT-08,Spring Valley,Express,514.32,85.45,54,260,Completed,90
F-003139,2026-08-16,ENT-09,Airport Corridor,Fleet,656.07,175.07,75,361,Completed,160
F-003140,2026-08-16,ENT-10,Boulder Highway,Logistics,400.73,127.91,43,201,Completed,100
F-003141,2026-08-17,ENT-01,Zone North 89011,Logistics,593.69,138.42,69,338,Completed,120
F-003142,2026-08-17,ENT-02,Zone West Central,Express,475.75,91.7,49,234,Completed,95
F-003143,2026-08-17,ENT-03,Downtown Corridor,Fleet,709.76,183.58,74,385,Completed,140
F-003144,2026-08-17,ENT-04,Henderson South,Logistics,510.49,109.51,53,263,Completed,110
F-003145,2026-08-17,ENT-05,Summerlin,Express,618.24,142.75,70,350,Completed,125
F-003146,2026-08-17,ENT-06,Strip Core,Fleet,778.18,191.78,86,411,Completed,190
F-003147,2026-08-17,ENT-07,North Las Vegas,Logistics,522.83,105.37,52,267,Completed,105
F-003148,2026-08-17,ENT-08,Spring Valley,Express,372.15,87.02,36,183,Completed,90
F-003149,2026-08-17,ENT-09,Airport Corridor,Fleet,756.72,169.45,82,430,Completed,160
F-003150,2026-08-17,ENT-10,Boulder Highway,Logistics,379.69,123.38,40,199,Completed,100
F-003151,2026-08-18,ENT-01,Zone North 89011,Logistics,544.76,116.29,53,284,Completed,120
F-003152,2026-08-18,ENT-02,Zone West Central,Express,414.59,90.14,44,201,Completed,95
F-003153,2026-08-18,ENT-03,Downtown Corridor,Fleet,709.37,186.3,78,439,Completed,140
F-003154,2026-08-18,ENT-04,Henderson South,Logistics,494.92,121.5,52,255,Completed,110
F-003155,2026-08-18,ENT-05,Summerlin,Express,559.23,124.36,65,331,Completed,125
F-003156,2026-08-18,ENT-06,Strip Core,Fleet,761.46,198.11,87,406,Completed,190
F-003157,2026-08-18,ENT-07,North Las Vegas,Logistics,466.5,128.96,49,250,Completed,105
F-003158,2026-08-18,ENT-08,Spring Valley,Express,397.41,93.08,40,210,Completed,90
F-003159,2026-08-18,ENT-09,Airport Corridor,Fleet,759.08,164.05,75,362,Completed,160
F-003160,2026-08-18,ENT-10,Boulder Highway,Logistics,383.14,130.81,40,210,Completed,100
F-003161,2026-08-19,ENT-01,Zone North 89011,Logistics,556.76,123.46,61,305,Completed,120
F-003162,2026-08-19,ENT-02,Zone West Central,Express,382.45,88.73,39,190,Completed,95
F-003163,2026-08-19,ENT-03,Downtown Corridor,Fleet,657.57,183.44,75,358,Completed,140
F-003164,2026-08-19,ENT-04,Henderson South,Logistics,526.89,126.84,50,238,Completed,110
F-003165,2026-08-19,ENT-05,Summerlin,Express,581.66,120.25,58,283,Completed,125
F-003166,2026-08-19,ENT-06,Strip Core,Fleet,823.4,231.09,83,366,Completed,190
F-003167,2026-08-19,ENT-07,North Las Vegas,Logistics,427.95,121.69,43,215,Completed,105
F-003168,2026-08-19,ENT-08,Spring Valley,Express,432.64,89.02,47,211,Completed,90
F-003169,2026-08-19,ENT-09,Airport Corridor,Fleet,737.75,173.32,78,389,Completed,160
F-003170,2026-08-19,ENT-10,Boulder Highway,Logistics,388.44,122.61,40,218,Completed,100
F-003171,2026-08-20,ENT-01,Zone North 89011,Logistics,671.87,123.46,72,365,Completed,120
F-003172,2026-08-20,ENT-02,Zone West Central,Express,431.16,98.51,43,223,Completed,95
F-003173,2026-08-20,ENT-03,Downtown Corridor,Fleet,628.8,186.01,61,283,Completed,140
F-003174,2026-08-20,ENT-04,Henderson South,Logistics,571.19,117.48,60,284,Completed,110
F-003175,2026-08-20,ENT-05,Summerlin,Express,553.98,126.2,58,288,Completed,125
F-003176,2026-08-20,ENT-06,Strip Core,Fleet,733.53,249.48,77,378,Completed,190
F-003177,2026-08-20,ENT-07,North Las Vegas,Logistics,463.46,112.23,50,267,Completed,105
F-003178,2026-08-20,ENT-08,Spring Valley,Express,497.17,79.1,56,289,Completed,90
F-003179,2026-08-20,ENT-09,Airport Corridor,Fleet,771.39,154.03,85,461,Completed,160
F-003180,2026-08-20,ENT-10,Boulder Highway,Logistics,395.61,117.63,38,162,Completed,100
F-003181,2026-08-21,ENT-01,Zone North 89011,Logistics,581.2,132.87,56,294,Completed,120
F-003182,2026-08-21,ENT-02,Zone West Central,Express,472.01,95.43,49,237,Completed,95
F-003183,2026-08-21,ENT-03,Downtown Corridor,Fleet,696.16,161.01,72,324,Completed,140
F-003184,2026-08-21,ENT-04,Henderson South,Logistics,531.29,119.01,54,252,Completed,110
F-003185,2026-08-21,ENT-05,Summerlin,Express,637.68,125.59,64,299,Completed,125
F-003186,2026-08-21,ENT-06,Strip Core,Fleet,674.64,240.69,77,408,Delayed,190
F-003187,2026-08-21,ENT-07,North Las Vegas,Logistics,494.96,99.95,48,213,Completed,105
F-003188,2026-08-21,ENT-08,Spring Valley,Express,379.74,102.4,38,202,Delayed,90
F-003189,2026-08-21,ENT-09,Airport Corridor,Fleet,819.02,173.79,80,424,Completed,160
F-003190,2026-08-21,ENT-10,Boulder Highway,Logistics,344.24,128.22,36,183,Completed,100
F-003191,2026-08-22,ENT-01,Zone North 89011,Logistics,659.89,130.21,70,372,Completed,120
F-003192,2026-08-22,ENT-02,Zone West Central,Express,545.13,98.93,58,317,Completed,95
F-003193,2026-08-22,ENT-03,Downtown Corridor,Fleet,623.11,195.36,64,308,Completed,140
F-003194,2026-08-22,ENT-04,Henderson South,Logistics,493.42,137.54,56,242,Delayed,110
F-003195,2026-08-22,ENT-05,Summerlin,Express,760.03,129.88,89,424,Completed,125
F-003196,2026-08-22,ENT-06,Strip Core,Fleet,1030.74,239.43,104,489,Completed,190
F-003197,2026-08-22,ENT-07,North Las Vegas,Logistics,459.8,109.96,53,239,Completed,105
F-003198,2026-08-22,ENT-08,Spring Valley,Express,428.0,94.56,49,232,Completed,90
F-003199,2026-08-22,ENT-09,Airport Corridor,Fleet,702.54,155.75,82,405,Completed,160
F-003200,2026-08-22,ENT-10,Boulder Highway,Logistics,388.18,119.42,40,194,Completed,100
F-003201,2026-08-23,ENT-01,Zone North 89011,Logistics,540.36,120.23,54,301,Completed,120
F-003202,2026-08-23,ENT-02,Zone West Central,Express,509.53,99.38,54,268,Completed,95
F-003203,2026-08-23,ENT-03,Downtown Corridor,Fleet,586.82,192.74,57,294,Completed,140
F-003204,2026-08-23,ENT-04,Henderson South,Logistics,602.45,128.81,68,348,Completed,110
F-003205,2026-08-23,ENT-05,Summerlin,Express,648.69,130.3,69,311,Completed,125
F-003206,2026-08-23,ENT-06,Strip Core,Fleet,1152.78,235.17,135,710,Completed,190
F-003207,2026-08-23,ENT-07,North Las Vegas,Logistics,469.32,105.02,50,228,Completed,105
F-003208,2026-08-23,ENT-08,Spring Valley,Express,472.03,99.31,50,250,Completed,90
F-003209,2026-08-23,ENT-09,Airport Corridor,Fleet,706.71,176.45,77,406,Completed,160
F-003210,2026-08-23,ENT-10,Boulder Highway,Logistics,396.42,112.32,40,189,Completed,100
F-003211,2026-08-24,ENT-01,Zone North 89011,Logistics,527.98,128.07,55,284,Completed,120
F-003212,2026-08-24,ENT-02,Zone West Central,Express,453.15,104.8,51,224,Completed,95
F-003213,2026-08-24,ENT-03,Downtown Corridor,Fleet,684.15,176.84,68,365,Completed,140
F-003214,2026-08-24,ENT-04,Henderson South,Logistics,380.6,121.73,36,184,Completed,110
F-003215,2026-08-24,ENT-05,Summerlin,Express,645.66,125.76,75,413,Completed,125
F-003216,2026-08-24,ENT-06,Strip Core,Fleet,700.39,214.09,79,393,Completed,190
F-003217,2026-08-24,ENT-07,North Las Vegas,Logistics,460.53,108.86,52,264,Completed,105
F-003218,2026-08-24,ENT-08,Spring Valley,Express,401.62,90.82,42,175,Completed,90
F-003219,2026-08-24,ENT-09,Airport Corridor,Fleet,764.48,158.71,86,440,Completed,160
F-003220,2026-08-24,ENT-10,Boulder Highway,Logistics,417.63,117.85,40,190,Completed,100
F-003221,2026-08-25,ENT-01,Zone North 89011,Logistics,596.65,130.78,60,283,Completed,120
F-003222,2026-08-25,ENT-02,Zone West Central,Express,438.98,108.84,46,209,Completed,95
F-003223,2026-08-25,ENT-03,Downtown Corridor,Fleet,688.12,186.76,79,397,Completed,140
F-003224,2026-08-25,ENT-04,Henderson South,Logistics,508.82,129.27,55,298,Completed,110
F-003225,2026-08-25,ENT-05,Summerlin,Express,593.66,135.57,64,297,Completed,125
F-003226,2026-08-25,ENT-06,Strip Core,Fleet,853.68,239.99,91,489,Completed,190
F-003227,2026-08-25,ENT-07,North Las Vegas,Logistics,501.22,105.56,53,245,Completed,105
F-003228,2026-08-25,ENT-08,Spring Valley,Express,345.8,92.31,40,158,Delayed,90
F-003229,2026-08-25,ENT-09,Airport Corridor,Fleet,690.25,195.3,74,327,Completed,160
F-003230,2026-08-25,ENT-10,Boulder Highway,Logistics,427.84,123.68,41,167,Completed,100
F-003231,2026-08-26,ENT-01,Zone North 89011,Logistics,497.44,119.02,56,274,Completed,120
F-003232,2026-08-26,ENT-02,Zone West Central,Express,437.77,103.06,51,240,Delayed,95
F-003233,2026-08-26,ENT-03,Downtown Corridor,Fleet,686.3,214.06,76,361,Completed,140
F-003234,2026-08-26,ENT-04,Henderson South,Logistics,525.32,122.39,55,297,Completed,110
F-003235,2026-08-26,ENT-05,Summerlin,Express,613.53,126.59,72,344,Completed,125
F-003236,2026-08-26,ENT-06,Strip Core,Fleet,818.81,236.24,90,467,Completed,190
F-003237,2026-08-26,ENT-07,North Las Vegas,Logistics,442.15,112.6,52,242,Completed,105
F-003238,2026-08-26,ENT-08,Spring Valley,Express,395.03,95.08,39,180,Completed,90
F-003239,2026-08-26,ENT-09,Airport Corridor,Fleet,826.9,169.88,83,426,Completed,160
F-003240,2026-08-26,ENT-10,Boulder Highway,Logistics,382.59,105.11,40,202,Completed,100
F-003241,2026-08-27,ENT-01,Zone North 89011,Logistics,563.83,114.64,58,266,Completed,120
F-003242,2026-08-27,ENT-02,Zone West Central,Express,385.01,102.17,37,230,Delayed,95
F-003243,2026-08-27,ENT-03,Downtown Corridor,Fleet,606.03,181.83,67,330,Completed,140
F-003244,2026-08-27,ENT-04,Henderson South,Logistics,494.19,126.9,55,256,Completed,110
F-003245,2026-08-27,ENT-05,Summerlin,Express,616.16,147.11,71,340,Delayed,125
F-003246,2026-08-27,ENT-06,Strip Core,Fleet,759.31,211.55,84,407,Completed,190
F-003247,2026-08-27,ENT-07,North Las Vegas,Logistics,470.39,92.94,45,212,Completed,105
F-003248,2026-08-27,ENT-08,Spring Valley,Express,485.76,97.52,54,267,Completed,90
F-003249,2026-08-27,ENT-09,Airport Corridor,Fleet,692.31,195.11,71,325,Delayed,160
F-003250,2026-08-27,ENT-10,Boulder Highway,Logistics,373.94,127.29,43,190,Completed,100
F-003251,2026-08-28,ENT-01,Zone North 89011,Logistics,612.75,138.74,61,310,Completed,120
F-003252,2026-08-28,ENT-02,Zone West Central,Express,439.08,85.12,46,232,Completed,95
F-003253,2026-08-28,ENT-03,Downtown Corridor,Fleet,679.21,156.53,66,297,Completed,140
F-003254,2026-08-28,ENT-04,Henderson South,Logistics,521.77,123.5,59,286,Completed,110
F-003255,2026-08-28,ENT-05,Summerlin,Express,668.13,119.99,73,398,Completed,125
F-003256,2026-08-28,ENT-06,Strip Core,Fleet,1004.68,231.38,116,606,Completed,190
F-003257,2026-08-28,ENT-07,North Las Vegas,Logistics,509.85,107.28,53,289,Completed,105
F-003258,2026-08-28,ENT-08,Spring Valley,Express,402.8,95.67,47,210,Completed,90
F-003259,2026-08-28,ENT-09,Airport Corridor,Fleet,741.77,172.4,79,386,Completed,160
F-003260,2026-08-28,ENT-10,Boulder Highway,Logistics,410.04,125.28,43,214,Completed,100
F-003261,2026-08-29,ENT-01,Zone North 89011,Logistics,685.88,129.04,77,428,Completed,120
F-003262,2026-08-29,ENT-02,Zone West Central,Express,605.47,103.96,69,348,Completed,95
F-003263,2026-08-29,ENT-03,Downtown Corridor,Fleet,559.75,199.29,59,292,Completed,140
F-003264,2026-08-29,ENT-04,Henderson South,Logistics,526.33,124.44,53,234,Completed,110
F-003265,2026-08-29,ENT-05,Summerlin,Express,707.02,105.81,80,344,Completed,125
F-003266,2026-08-29,ENT-06,Strip Core,Fleet,1170.67,227.11,137,690,Completed,190
F-003267,2026-08-29,ENT-07,North Las Vegas,Logistics,462.97,110.52,46,240,Completed,105
F-003268,2026-08-29,ENT-08,Spring Valley,Express,544.29,89.15,57,282,Completed,90
F-003269,2026-08-29,ENT-09,Airport Corridor,Fleet,627.77,176.28,60,312,Completed,160
F-003270,2026-08-29,ENT-10,Boulder Highway,Logistics,382.12,104.71,36,188,Completed,100
F-003271,2026-08-30,ENT-01,Zone North 89011,Logistics,652.92,117.08,71,361,Completed,120
F-003272,2026-08-30,ENT-02,Zone West Central,Express,511.98,121.0,53,288,Delayed,95
F-003273,2026-08-30,ENT-03,Downtown Corridor,Fleet,653.37,185.34,64,299,Completed,140
F-003274,2026-08-30,ENT-04,Henderson South,Logistics,522.9,123.55,53,244,Completed,110
F-003275,2026-08-30,ENT-05,Summerlin,Express,885.84,130.26,93,455,Completed,125
F-003276,2026-08-30,ENT-06,Strip Core,Fleet,1084.39,226.36,107,525,Completed,190
F-003277,2026-08-30,ENT-07,North Las Vegas,Logistics,451.62,116.29,49,235,Completed,105
F-003278,2026-08-30,ENT-08,Spring Valley,Express,494.67,93.79,50,232,Completed,90
F-003279,2026-08-30,ENT-09,Airport Corridor,Fleet,639.52,186.49,61,311,Completed,160
F-003280,2026-08-30,ENT-10,Boulder Highway,Logistics,424.48,127.45,43,196,Completed,100
F-003281,2026-08-31,ENT-01,Zone North 89011,Logistics,572.86,135.88,61,276,Completed,120
F-003282,2026-08-31,ENT-02,Zone West Central,Express,420.69,99.79,44,251,Completed,95
F-003283,2026-08-31,ENT-03,Downtown Corridor,Fleet,694.44,168.89,77,367,Completed,140
F-003284,2026-08-31,ENT-04,Henderson South,Logistics,501.12,106.72,49,271,Completed,110
F-003285,2026-08-31,ENT-05,Summerlin,Express,640.32,125.41,62,295,Completed,125
F-003286,2026-08-31,ENT-06,Strip Core,Fleet,754.88,223.21,86,416,Completed,190
F-003287,2026-08-31,ENT-07,North Las Vegas,Logistics,442.45,119.97,52,273,Completed,105
F-003288,2026-08-31,ENT-08,Spring Valley,Express,421.41,90.9,40,166,Completed,90
F-003289,2026-08-31,ENT-09,Airport Corridor,Fleet,802.77,181.96,85,428,Completed,160
F-003290,2026-08-31,ENT-10,Boulder Highway,Logistics,349.79,125.28,34,164,Completed,100
F-003291,2026-09-01,ENT-01,Zone North 89011,Logistics,598.17,122.62,69,355,Completed,120
F-003292,2026-09-01,ENT-02,Zone West Central,Express,396.04,90.04,39,186,Completed,95
F-003293,2026-09-01,ENT-03,Downtown Corridor,Fleet,629.07,177.62,63,330,Completed,140
F-003294,2026-09-01,ENT-04,Henderson South,Logistics,478.14,118.55,55,278,Completed,110
F-003295,2026-09-01,ENT-05,Summerlin,Express,648.78,116.78,71,353,Completed,125
F-003296,2026-09-01,ENT-06,Strip Core,Fleet,800.01,224.36,84,446,Completed,190
F-003297,2026-09-01,ENT-07,North Las Vegas,Logistics,548.96,112.0,56,294,Completed,105
F-003298,2026-09-01,ENT-08,Spring Valley,Express,420.82,96.36,42,219,Completed,90
F-003299,2026-09-01,ENT-09,Airport Corridor,Fleet,746.17,174.06,76,332,Completed,160
F-003300,2026-09-01,ENT-10,Boulder Highway,Logistics,341.17,131.03,33,188,Completed,100
F-003301,2026-09-02,ENT-01,Zone North 89011,Logistics,588.04,126.4,67,314,Completed,120
F-003302,2026-09-02,ENT-02,Zone West Central,Express,465.1,92.62,45,211,Completed,95
F-003303,2026-09-02,ENT-03,Downtown Corridor,Fleet,685.28,172.32,69,323,Completed,140
F-003304,2026-09-02,ENT-04,Henderson South,Logistics,600.82,117.32,61,295,Completed,110
F-003305,2026-09-02,ENT-05,Summerlin,Express,617.7,121.77,59,284,Completed,125
F-003306,2026-09-02,ENT-06,Strip Core,Fleet,741.55,261.2,74,382,Completed,190
F-003307,2026-09-02,ENT-07,North Las Vegas,Logistics,482.21,105.7,56,289,Completed,105
F-003308,2026-09-02,ENT-08,Spring Valley,Express,392.52,84.51,38,210,Completed,90
F-003309,2026-09-02,ENT-09,Airport Corridor,Fleet,657.5,188.92,75,362,Completed,160
F-003310,2026-09-02,ENT-10,Boulder Highway,Logistics,338.4,133.06,40,200,Completed,100
F-003311,2026-09-03,ENT-01,Zone North 89011,Logistics,506.79,147.34,49,254,Delayed,120
F-003312,2026-09-03,ENT-02,Zone West Central,Express,369.06,104.81,37,208,Completed,95
F-003313,2026-09-03,ENT-03,Downtown Corridor,Fleet,711.94,174.78,70,351,Completed,140
F-003314,2026-09-03,ENT-04,Henderson South,Logistics,538.38,128.51,53,268,Completed,110
F-003315,2026-09-03,ENT-05,Summerlin,Express,595.77,130.63,65,291,Completed,125
F-003316,2026-09-03,ENT-06,Strip Core,Fleet,807.61,226.46,89,446,Completed,190
F-003317,2026-09-03,ENT-07,North Las Vegas,Logistics,420.79,131.66,41,191,Delayed,105
F-003318,2026-09-03,ENT-08,Spring Valley,Express,416.85,87.63,46,250,Completed,90
F-003319,2026-09-03,ENT-09,Airport Corridor,Fleet,709.9,209.24,70,328,Completed,160
F-003320,2026-09-03,ENT-10,Boulder Highway,Logistics,436.19,119.94,44,243,Completed,100
F-003321,2026-09-04,ENT-01,Zone North 89011,Logistics,597.44,133.02,64,322,Completed,120
F-003322,2026-09-04,ENT-02,Zone West Central,Express,425.95,90.05,49,228,Completed,95
F-003323,2026-09-04,ENT-03,Downtown Corridor,Fleet,724.53,203.8,72,370,Completed,140
F-003324,2026-09-04,ENT-04,Henderson South,Logistics,539.79,115.52,58,306,Completed,110
F-003325,2026-09-04,ENT-05,Summerlin,Express,693.96,124.92,74,341,Completed,125
F-003326,2026-09-04,ENT-06,Strip Core,Fleet,852.47,229.36,90,441,Completed,190
F-003327,2026-09-04,ENT-07,North Las Vegas,Logistics,487.33,99.53,46,220,Completed,105
F-003328,2026-09-04,ENT-08,Spring Valley,Express,427.97,93.69,48,235,Completed,90
F-003329,2026-09-04,ENT-09,Airport Corridor,Fleet,745.65,186.27,73,359,Completed,160
F-003330,2026-09-04,ENT-10,Boulder Highway,Logistics,431.03,123.29,47,249,Completed,100
F-003331,2026-09-05,ENT-01,Zone North 89011,Logistics,0.0,46.42,0,30,Cancelled,120
F-003332,2026-09-05,ENT-02,Zone West Central,Express,604.11,97.92,67,312,Completed,95
F-003333,2026-09-05,ENT-03,Downtown Corridor,Fleet,540.69,176.87,57,269,Completed,140
F-003334,2026-09-05,ENT-04,Henderson South,Logistics,479.8,123.81,52,273,Delayed,110
F-003335,2026-09-05,ENT-05,Summerlin,Express,783.91,133.53,82,433,Completed,125
F-003336,2026-09-05,ENT-06,Strip Core,Fleet,977.48,204.15,108,586,Completed,190
F-003337,2026-09-05,ENT-07,North Las Vegas,Logistics,429.22,108.97,48,251,Completed,105
F-003338,2026-09-05,ENT-08,Spring Valley,Express,418.92,92.05,44,243,Completed,90
F-003339,2026-09-05,ENT-09,Airport Corridor,Fleet,693.86,163.96,69,359,Completed,160
F-003340,2026-09-05,ENT-10,Boulder Highway,Logistics,454.93,117.21,51,265,Completed,100
F-003341,2026-09-06,ENT-01,Zone North 89011,Logistics,587.31,134.39,62,318,Completed,120
F-003342,2026-09-06,ENT-02,Zone West Central,Express,555.1,98.3,56,272,Completed,95
F-003343,2026-09-06,ENT-03,Downtown Corridor,Fleet,593.21,173.87,67,301,Completed,140
F-003344,2026-09-06,ENT-04,Henderson South,Logistics,608.57,113.95,69,372,Completed,110
F-003345,2026-09-06,ENT-05,Summerlin,Express,749.14,128.51,74,381,Completed,125
F-003346,2026-09-06,ENT-06,Strip Core,Fleet,997.51,193.32,113,571,Completed,190
F-003347,2026-09-06,ENT-07,North Las Vegas,Logistics,508.62,121.37,56,283,Completed,105
F-003348,2026-09-06,ENT-08,Spring Valley,Express,513.04,95.74,55,280,Completed,90
F-003349,2026-09-06,ENT-09,Airport Corridor,Fleet,714.12,195.87,83,368,Completed,160
F-003350,2026-09-06,ENT-10,Boulder Highway,Logistics,441.89,113.91,42,196,Completed,100
F-003351,2026-09-07,ENT-01,Zone North 89011,Logistics,539.98,121.48,63,326,Completed,120
F-003352,2026-09-07,ENT-02,Zone West Central,Express,415.55,105.92,41,178,Completed,95
F-003353,2026-09-07,ENT-03,Downtown Corridor,Fleet,717.66,180.22,70,370,Completed,140
F-003354,2026-09-07,ENT-04,Henderson South,Logistics,520.27,120.06,59,322,Completed,110
F-003355,2026-09-07,ENT-05,Summerlin,Express,585.88,129.47,58,272,Completed,125
F-003356,2026-09-07,ENT-06,Strip Core,Fleet,867.66,249.83,97,486,Completed,190
F-003357,2026-09-07,ENT-07,North Las Vegas,Logistics,463.01,98.89,54,274,Completed,105
F-003358,2026-09-07,ENT-08,Spring Valley,Express,391.05,97.28,44,223,Completed,90
F-003359,2026-09-07,ENT-09,Airport Corridor,Fleet,0.0,65.66,0,30,Cancelled,160
F-003360,2026-09-07,ENT-10,Boulder Highway,Logistics,396.29,125.25,43,196,Completed,100
F-003361,2026-09-08,ENT-01,Zone North 89011,Logistics,611.86,125.38,70,336,Completed,120
F-003362,2026-09-08,ENT-02,Zone West Central,Express,461.52,96.74,48,239,Completed,95
F-003363,2026-09-08,ENT-03,Downtown Corridor,Fleet,736.75,183.7,74,394,Completed,140
F-003364,2026-09-08,ENT-04,Henderson South,Logistics,543.18,109.68,64,332,Completed,110
F-003365,2026-09-08,ENT-05,Summerlin,Express,692.66,125.23,81,394,Completed,125
F-003366,2026-09-08,ENT-06,Strip Core,Fleet,806.26,247.4,83,411,Completed,190
F-003367,2026-09-08,ENT-07,North Las Vegas,Logistics,477.48,95.81,46,244,Completed,105
F-003368,2026-09-08,ENT-08,Spring Valley,Express,430.76,91.98,48,271,Completed,90
F-003369,2026-09-08,ENT-09,Airport Corridor,Fleet,700.09,181.48,82,386,Completed,160
F-003370,2026-09-08,ENT-10,Boulder Highway,Logistics,407.08,128.19,44,212,Completed,100
F-003371,2026-09-09,ENT-01,Zone North 89011,Logistics,625.41,137.29,68,326,Completed,120
F-003372,2026-09-09,ENT-02,Zone West Central,Express,370.09,99.42,39,209,Completed,95
F-003373,2026-09-09,ENT-03,Downtown Corridor,Fleet,654.35,178.67,65,321,Completed,140
F-003374,2026-09-09,ENT-04,Henderson South,Logistics,604.08,115.29,71,362,Completed,110
F-003375,2026-09-09,ENT-05,Summerlin,Express,564.81,136.0,58,283,Completed,125
F-003376,2026-09-09,ENT-06,Strip Core,Fleet,701.68,220.78,81,418,Completed,190
F-003377,2026-09-09,ENT-07,North Las Vegas,Logistics,466.98,103.39,48,250,Completed,105
F-003378,2026-09-09,ENT-08,Spring Valley,Express,417.13,92.7,44,227,Completed,90
F-003379,2026-09-09,ENT-09,Airport Corridor,Fleet,698.59,180.38,75,392,Completed,160
F-003380,2026-09-09,ENT-10,Boulder Highway,Logistics,366.02,107.91,35,153,Completed,100
F-003381,2026-09-10,ENT-01,Zone North 89011,Logistics,585.75,132.6,65,325,Completed,120
F-003382,2026-09-10,ENT-02,Zone West Central,Express,480.34,109.44,53,264,Completed,95
F-003383,2026-09-10,ENT-03,Downtown Corridor,Fleet,547.77,184.49,63,328,Completed,140
F-003384,2026-09-10,ENT-04,Henderson South,Logistics,447.93,111.71,52,269,Completed,110
F-003385,2026-09-10,ENT-05,Summerlin,Express,655.11,136.17,72,381,Completed,125
F-003386,2026-09-10,ENT-06,Strip Core,Fleet,841.57,219.38,82,396,Completed,190
F-003387,2026-09-10,ENT-07,North Las Vegas,Logistics,454.53,114.77,52,270,Completed,105
F-003388,2026-09-10,ENT-08,Spring Valley,Express,437.61,96.04,42,197,Completed,90
F-003389,2026-09-10,ENT-09,Airport Corridor,Fleet,687.43,203.49,74,389,Delayed,160
F-003390,2026-09-10,ENT-10,Boulder Highway,Logistics,385.88,130.06,43,234,Completed,100
F-003391,2026-09-11,ENT-01,Zone North 89011,Logistics,511.22,142.87,53,285,Completed,120
F-003392,2026-09-11,ENT-02,Zone West Central,Express,438.88,91.9,45,233,Completed,95
F-003393,2026-09-11,ENT-03,Downtown Corridor,Fleet,678.72,193.11,77,380,Completed,140
F-003394,2026-09-11,ENT-04,Henderson South,Logistics,519.37,112.47,57,308,Completed,110
F-003395,2026-09-11,ENT-05,Summerlin,Express,548.62,109.25,53,237,Completed,125
F-003396,2026-09-11,ENT-06,Strip Core,Fleet,798.03,219.22,83,432,Completed,190
F-003397,2026-09-11,ENT-07,North Las Vegas,Logistics,449.74,116.39,51,281,Completed,105
F-003398,2026-09-11,ENT-08,Spring Valley,Express,427.01,90.12,48,236,Completed,90
F-003399,2026-09-11,ENT-09,Airport Corridor,Fleet,743.54,193.89,75,344,Completed,160
F-003400,2026-09-11,ENT-10,Boulder Highway,Logistics,390.26,124.93,39,202,Completed,100
F-003401,2026-09-12,ENT-01,Zone North 89011,Logistics,503.28,151.61,54,294,Delayed,120
F-003402,2026-09-12,ENT-02,Zone West Central,Express,552.66,94.93,54,274,Completed,95
F-003403,2026-09-12,ENT-03,Downtown Corridor,Fleet,659.42,200.42,73,348,Completed,140
F-003404,2026-09-12,ENT-04,Henderson South,Logistics,617.41,108.26,63,298,Completed,110
F-003405,2026-09-12,ENT-05,Summerlin,Express,765.11,118.66,82,400,Completed,125
F-003406,2026-09-12,ENT-06,Strip Core,Fleet,1011.78,238.81,114,504,Completed,190
F-003407,2026-09-12,ENT-07,North Las Vegas,Logistics,494.8,101.84,55,256,Completed,105
F-003408,2026-09-12,ENT-08,Spring Valley,Express,469.71,93.44,48,237,Completed,90
F-003409,2026-09-12,ENT-09,Airport Corridor,Fleet,668.54,187.19,69,342,Completed,160
F-003410,2026-09-12,ENT-10,Boulder Highway,Logistics,400.71,139.02,42,188,Completed,100
F-003411,2026-09-13,ENT-01,Zone North 89011,Logistics,571.79,131.52,57,331,Completed,120
F-003412,2026-09-13,ENT-02,Zone West Central,Express,597.21,102.6,63,328,Completed,95
F-003413,2026-09-13,ENT-03,Downtown Corridor,Fleet,626.37,186.86,71,361,Completed,140
F-003414,2026-09-13,ENT-04,Henderson South,Logistics,605.67,111.08,68,340,Completed,110
F-003415,2026-09-13,ENT-05,Summerlin,Express,753.49,133.14,73,371,Completed,125
F-003416,2026-09-13,ENT-06,Strip Core,Fleet,1118.7,214.16,129,632,Completed,190
F-003417,2026-09-13,ENT-07,North Las Vegas,Logistics,492.12,106.83,55,236,Completed,105
F-003418,2026-09-13,ENT-08,Spring Valley,Express,501.66,86.2,49,225,Completed,90
F-003419,2026-09-13,ENT-09,Airport Corridor,Fleet,710.62,170.35,78,407,Completed,160
F-003420,2026-09-13,ENT-10,Boulder Highway,Logistics,407.68,119.91,44,222,Completed,100
F-003421,2026-09-14,ENT-01,Zone North 89011,Logistics,409.95,136.67,43,223,Completed,120
F-003422,2026-09-14,ENT-02,Zone West Central,Express,472.96,103.59,53,279,Completed,95
F-003423,2026-09-14,ENT-03,Downtown Corridor,Fleet,670.54,181.49,75,370,Completed,140
F-003424,2026-09-14,ENT-04,Henderson South,Logistics,459.35,111.63,48,259,Completed,110
F-003425,2026-09-14,ENT-05,Summerlin,Express,662.48,139.06,72,348,Completed,125
F-003426,2026-09-14,ENT-06,Strip Core,Fleet,772.07,217.21,87,435,Completed,190
F-003427,2026-09-14,ENT-07,North Las Vegas,Logistics,464.39,104.87,44,195,Completed,105
F-003428,2026-09-14,ENT-08,Spring Valley,Express,456.66,86.43,44,230,Completed,90
F-003429,2026-09-14,ENT-09,Airport Corridor,Fleet,687.11,181.38,71,332,Completed,160
F-003430,2026-09-14,ENT-10,Boulder Highway,Logistics,360.2,124.11,39,203,Completed,100
F-003431,2026-09-15,ENT-01,Zone North 89011,Logistics,592.54,118.12,65,337,Completed,120
F-003432,2026-09-15,ENT-02,Zone West Central,Express,433.46,97.53,47,250,Completed,95
F-003433,2026-09-15,ENT-03,Downtown Corridor,Fleet,593.83,190.83,58,267,Completed,140
F-003434,2026-09-15,ENT-04,Henderson South,Logistics,558.93,115.69,58,294,Completed,110
F-003435,2026-09-15,ENT-05,Summerlin,Express,630.0,125.2,61,275,Completed,125
F-003436,2026-09-15,ENT-06,Strip Core,Fleet,856.91,218.14,91,484,Completed,190
F-003437,2026-09-15,ENT-07,North Las Vegas,Logistics,503.38,121.06,53,252,Completed,105
F-003438,2026-09-15,ENT-08,Spring Valley,Express,376.59,95.32,42,197,Completed,90
F-003439,2026-09-15,ENT-09,Airport Corridor,Fleet,734.62,174.14,82,392,Completed,160
F-003440,2026-09-15,ENT-10,Boulder Highway,Logistics,434.23,117.39,44,225,Completed,100
F-003441,2026-09-16,ENT-01,Zone North 89011,Logistics,601.61,128.11,59,284,Completed,120
F-003442,2026-09-16,ENT-02,Zone West Central,Express,436.11,101.06,42,226,Completed,95
F-003443,2026-09-16,ENT-03,Downtown Corridor,Fleet,680.09,170.78,72,361,Completed,140
F-003444,2026-09-16,ENT-04,Henderson South,Logistics,547.05,119.39,64,301,Completed,110
F-003445,2026-09-16,ENT-05,Summerlin,Express,626.44,133.34,62,311,Completed,125
F-003446,2026-09-16,ENT-06,Strip Core,Fleet,680.51,205.66,68,330,Completed,190
F-003447,2026-09-16,ENT-07,North Las Vegas,Logistics,500.63,109.85,51,262,Completed,105
F-003448,2026-09-16,ENT-08,Spring Valley,Express,471.56,91.81,49,251,Completed,90
F-003449,2026-09-16,ENT-09,Airport Corridor,Fleet,730.48,162.81,73,332,Completed,160
F-003450,2026-09-16,ENT-10,Boulder Highway,Logistics,413.9,125.05,43,233,Completed,100
F-003451,2026-09-17,ENT-01,Zone North 89011,Logistics,562.99,126.24,56,285,Completed,120
F-003452,2026-09-17,ENT-02,Zone West Central,Express,403.22,91.99,42,187,Completed,95
F-003453,2026-09-17,ENT-03,Downtown Corridor,Fleet,690.77,190.41,66,345,Completed,140
F-003454,2026-09-17,ENT-04,Henderson South,Logistics,503.73,128.56,53,289,Completed,110
F-003455,2026-09-17,ENT-05,Summerlin,Express,598.94,131.35,66,302,Completed,125
F-003456,2026-09-17,ENT-06,Strip Core,Fleet,646.02,234.64,74,370,Delayed,190
F-003457,2026-09-17,ENT-07,North Las Vegas,Logistics,0.0,38.01,0,30,Cancelled,105
F-003458,2026-09-17,ENT-08,Spring Valley,Express,426.55,93.67,50,229,Completed,90
F-003459,2026-09-17,ENT-09,Airport Corridor,Fleet,758.26,189.25,81,372,Completed,160
F-003460,2026-09-17,ENT-10,Boulder Highway,Logistics,444.74,137.18,43,262,Completed,100
F-003461,2026-09-18,ENT-01,Zone North 89011,Logistics,543.36,140.24,55,280,Completed,120
F-003462,2026-09-18,ENT-02,Zone West Central,Express,383.48,107.07,41,226,Completed,95
F-003463,2026-09-18,ENT-03,Downtown Corridor,Fleet,669.79,205.23,74,372,Delayed,140
F-003464,2026-09-18,ENT-04,Henderson South,Logistics,592.9,104.74,57,263,Completed,110
F-003465,2026-09-18,ENT-05,Summerlin,Express,590.84,121.19,57,306,Completed,125
F-003466,2026-09-18,ENT-06,Strip Core,Fleet,672.99,243.64,67,315,Delayed,190
F-003467,2026-09-18,ENT-07,North Las Vegas,Logistics,515.59,113.08,53,251,Completed,105
F-003468,2026-09-18,ENT-08,Spring Valley,Express,407.68,85.6,40,214,Completed,90
F-003469,2026-09-18,ENT-09,Airport Corridor,Fleet,755.42,178.54,86,444,Completed,160
F-003470,2026-09-18,ENT-10,Boulder Highway,Logistics,386.6,124.26,42,202,Completed,100
F-003471,2026-09-19,ENT-01,Zone North 89011,Logistics,607.76,125.8,64,316,Completed,120
F-003472,2026-09-19,ENT-02,Zone West Central,Express,605.97,94.44,70,342,Completed,95
F-003473,2026-09-19,ENT-03,Downtown Corridor,Fleet,514.43,192.99,53,286,Completed,140
F-003474,2026-09-19,ENT-04,Henderson South,Logistics,540.26,111.76,63,299,Completed,110
F-003475,2026-09-19,ENT-05,Summerlin,Express,817.45,126.98,84,453,Completed,125
F-003476,2026-09-19,ENT-06,Strip Core,Fleet,1079.93,208.09,121,612,Completed,190
F-003477,2026-09-19,ENT-07,North Las Vegas,Logistics,428.1,116.59,47,242,Completed,105
F-003478,2026-09-19,ENT-08,Spring Valley,Express,446.57,95.98,49,252,Completed,90
F-003479,2026-09-19,ENT-09,Airport Corridor,Fleet,662.76,168.63,72,360,Completed,160
F-003480,2026-09-19,ENT-10,Boulder Highway,Logistics,402.81,138.97,45,200,Completed,100
F-003481,2026-09-20,ENT-01,Zone North 89011,Logistics,666.78,121.75,66,341,Completed,120
F-003482,2026-09-20,ENT-02,Zone West Central,Express,600.72,98.65,66,323,Completed,95
F-003483,2026-09-20,ENT-03,Downtown Corridor,Fleet,620.43,200.14,72,348,Completed,140
F-003484,2026-09-20,ENT-04,Henderson South,Logistics,517.01,115.88,55,269,Completed,110
F-003485,2026-09-20,ENT-05,Summerlin,Express,736.76,133.98,72,375,Delayed,125
F-003486,2026-09-20,ENT-06,Strip Core,Fleet,1259.34,213.48,127,630,Completed,190
F-003487,2026-09-20,ENT-07,North Las Vegas,Logistics,422.95,110.19,43,242,Completed,105
F-003488,2026-09-20,ENT-08,Spring Valley,Express,486.55,92.69,52,275,Completed,90
F-003489,2026-09-20,ENT-09,Airport Corridor,Fleet,743.72,174.07,85,418,Completed,160
F-003490,2026-09-20,ENT-10,Boulder Highway,Logistics,386.21,135.56,44,191,Completed,100
F-003491,2026-09-21,ENT-01,Zone North 89011,Logistics,555.02,137.48,63,309,Completed,120
F-003492,2026-09-21,ENT-02,Zone West Central,Express,442.38,96.65,43,220,Completed,95
F-003493,2026-09-21,ENT-03,Downtown Corridor,Fleet,719.14,207.21,69,384,Completed,140
F-003494,2026-09-21,ENT-04,Henderson South,Logistics,515.11,127.73,50,274,Completed,110
F-003495,2026-09-21,ENT-05,Summerlin,Express,630.97,138.21,62,286,Completed,125
F-003496,2026-09-21,ENT-06,Strip Core,Fleet,793.47,212.83,85,414,Completed,190
F-003497,2026-09-21,ENT-07,North Las Vegas,Logistics,469.17,118.18,45,253,Completed,105
F-003498,2026-09-21,ENT-08,Spring Valley,Express,385.74,95.58,43,229,Completed,90
F-003499,2026-09-21,ENT-09,Airport Corridor,Fleet,878.26,192.56,103,547,Completed,160
F-003500,2026-09-21,ENT-10,Boulder Highway,Logistics,411.36,133.81,47,237,Completed,100
F-003501,2026-09-22,ENT-01,Zone North 89011,Logistics,557.38,124.26,56,302,Completed,120
F-003502,2026-09-22,ENT-02,Zone West Central,Express,388.53,97.75,44,194,Completed,95
F-003503,2026-09-22,ENT-03,Downtown Corridor,Fleet,692.85,173.99,71,368,Completed,140
F-003504,2026-09-22,ENT-04,Henderson South,Logistics,577.75,108.87,62,289,Completed,110
F-003505,2026-09-22,ENT-05,Summerlin,Express,639.49,108.46,62,319,Completed,125
F-003506,2026-09-22,ENT-06,Strip Core,Fleet,785.44,228.9,88,448,Completed,190
F-003507,2026-09-22,ENT-07,North Las Vegas,Logistics,429.12,110.81,42,212,Completed,105
F-003508,2026-09-22,ENT-08,Spring Valley,Express,497.36,82.51,48,266,Completed,90
F-003509,2026-09-22,ENT-09,Airport Corridor,Fleet,866.87,162.17,83,382,Completed,160
F-003510,2026-09-22,ENT-10,Boulder Highway,Logistics,387.55,131.81,37,192,Completed,100
F-003511,2026-09-23,ENT-01,Zone North 89011,Logistics,540.62,129.03,56,313,Completed,120
F-003512,2026-09-23,ENT-02,Zone West Central,Express,496.06,105.98,49,217,Completed,95
F-003513,2026-09-23,ENT-03,Downtown Corridor,Fleet,671.09,212.55,77,365,Completed,140
F-003514,2026-09-23,ENT-04,Henderson South,Logistics,551.97,122.41,59,289,Completed,110
F-003515,2026-09-23,ENT-05,Summerlin,Express,556.2,126.14,64,340,Completed,125
F-003516,2026-09-23,ENT-06,Strip Core,Fleet,840.57,235.89,81,390,Completed,190
F-003517,2026-09-23,ENT-07,North Las Vegas,Logistics,442.4,118.12,46,219,Completed,105
F-003518,2026-09-23,ENT-08,Spring Valley,Express,460.96,92.93,52,255,Completed,90
F-003519,2026-09-23,ENT-09,Airport Corridor,Fleet,771.74,175.95,80,366,Completed,160
F-003520,2026-09-23,ENT-10,Boulder Highway,Logistics,435.5,105.12,50,249,Completed,100
F-003521,2026-09-24,ENT-01,Zone North 89011,Logistics,658.75,125.67,67,324,Completed,120
F-003522,2026-09-24,ENT-02,Zone West Central,Express,502.21,90.59,48,234,Completed,95
F-003523,2026-09-24,ENT-03,Downtown Corridor,Fleet,757.59,161.97,77,421,Completed,140
F-003524,2026-09-24,ENT-04,Henderson South,Logistics,581.8,115.6,56,267,Completed,110
F-003525,2026-09-24,ENT-05,Summerlin,Express,638.37,117.05,75,365,Completed,125
F-003526,2026-09-24,ENT-06,Strip Core,Fleet,699.82,225.17,78,394,Completed,190
F-003527,2026-09-24,ENT-07,North Las Vegas,Logistics,427.88,103.46,44,248,Completed,105
F-003528,2026-09-24,ENT-08,Spring Valley,Express,435.56,90.78,48,253,Completed,90
F-003529,2026-09-24,ENT-09,Airport Corridor,Fleet,775.41,176.88,89,449,Completed,160
F-003530,2026-09-24,ENT-10,Boulder Highway,Logistics,408.04,112.28,46,228,Completed,100
F-003531,2026-09-25,ENT-01,Zone North 89011,Logistics,588.41,127.94,59,307,Completed,120
F-003532,2026-09-25,ENT-02,Zone West Central,Express,436.38,85.58,47,250,Completed,95
F-003533,2026-09-25,ENT-03,Downtown Corridor,Fleet,612.8,173.76,65,333,Completed,140
F-003534,2026-09-25,ENT-04,Henderson South,Logistics,509.97,125.18,55,277,Delayed,110
F-003535,2026-09-25,ENT-05,Summerlin,Express,605.55,120.98,67,350,Completed,125
F-003536,2026-09-25,ENT-06,Strip Core,Fleet,819.83,235.29,80,433,Completed,190
F-003537,2026-09-25,ENT-07,North Las Vegas,Logistics,456.46,110.06,49,224,Completed,105
F-003538,2026-09-25,ENT-08,Spring Valley,Express,378.79,78.01,44,230,Completed,90
F-003539,2026-09-25,ENT-09,Airport Corridor,Fleet,792.21,187.21,78,387,Completed,160
F-003540,2026-09-25,ENT-10,Boulder Highway,Logistics,337.02,124.56,33,152,Completed,100
F-003541,2026-09-26,ENT-01,Zone North 89011,Logistics,596.8,129.4,66,328,Completed,120
F-003542,2026-09-26,ENT-02,Zone West Central,Express,566.11,95.63,58,290,Completed,95
F-003543,2026-09-26,ENT-03,Downtown Corridor,Fleet,555.44,197.98,53,244,Completed,140
F-003544,2026-09-26,ENT-04,Henderson South,Logistics,619.02,118.02,68,352,Completed,110
F-003545,2026-09-26,ENT-05,Summerlin,Express,638.83,151.39,74,388,Delayed,125
F-003546,2026-09-26,ENT-06,Strip Core,Fleet,991.42,245.65,99,466,Completed,190
F-003547,2026-09-26,ENT-07,North Las Vegas,Logistics,467.22,97.88,47,219,Completed,105
F-003548,2026-09-26,ENT-08,Spring Valley,Express,520.9,99.02,56,229,Completed,90
F-003549,2026-09-26,ENT-09,Airport Corridor,Fleet,668.58,162.94,72,395,Completed,160
F-003550,2026-09-26,ENT-10,Boulder Highway,Logistics,426.15,122.19,45,217,Completed,100
F-003551,2026-09-27,ENT-01,Zone North 89011,Logistics,581.86,128.87,63,311,Completed,120
F-003552,2026-09-27,ENT-02,Zone West Central,Express,517.25,104.45,61,286,Completed,95
F-003553,2026-09-27,ENT-03,Downtown Corridor,Fleet,558.31,163.02,57,289,Completed,140
F-003554,2026-09-27,ENT-04,Henderson South,Logistics,565.83,129.12,58,329,Completed,110
F-003555,2026-09-27,ENT-05,Summerlin,Express,827.64,130.46,94,434,Completed,125
F-003556,2026-09-27,ENT-06,Strip Core,Fleet,1036.03,212.57,112,538,Completed,190
F-003557,2026-09-27,ENT-07,North Las Vegas,Logistics,446.88,107.43,46,215,Completed,105
F-003558,2026-09-27,ENT-08,Spring Valley,Express,495.93,91.35,48,222,Completed,90
F-003559,2026-09-27,ENT-09,Airport Corridor,Fleet,715.21,164.9,78,425,Completed,160
F-003560,2026-09-27,ENT-10,Boulder Highway,Logistics,397.14,126.8,38,191,Completed,100
F-003561,2026-09-28,ENT-01,Zone North 89011,Logistics,549.89,133.84,63,273,Completed,120
F-003562,2026-09-28,ENT-02,Zone West Central,Express,425.64,94.19,48,249,Completed,95
F-003563,2026-09-28,ENT-03,Downtown Corridor,Fleet,721.63,170.57,77,393,Completed,140
F-003564,2026-09-28,ENT-04,Henderson South,Logistics,498.92,123.79,55,282,Completed,110
F-003565,2026-09-28,ENT-05,Summerlin,Express,744.07,127.51,74,386,Completed,125
F-003566,2026-09-28,ENT-06,Strip Core,Fleet,867.33,210.6,98,487,Completed,190
F-003567,2026-09-28,ENT-07,North Las Vegas,Logistics,475.24,109.64,47,216,Completed,105
F-003568,2026-09-28,ENT-08,Spring Valley,Express,424.4,89.98,45,237,Completed,90
F-003569,2026-09-28,ENT-09,Airport Corridor,Fleet,709.56,172.79,82,398,Completed,160
F-003570,2026-09-28,ENT-10,Boulder Highway,Logistics,430.68,126.19,50,242,Completed,100
F-003571,2026-09-29,ENT-01,Zone North 89011,Logistics,536.53,134.52,54,289,Completed,120
F-003572,2026-09-29,ENT-02,Zone West Central,Express,413.19,107.6,39,207,Completed,95
F-003573,2026-09-29,ENT-03,Downtown Corridor,Fleet,751.57,192.23,72,327,Completed,140
F-003574,2026-09-29,ENT-04,Henderson South,Logistics,445.98,123.75,43,221,Delayed,110
F-003575,2026-09-29,ENT-05,Summerlin,Express,586.49,128.97,57,291,Completed,125
F-003576,2026-09-29,ENT-06,Strip Core,Fleet,858.14,213.03,91,453,Completed,190
F-003577,2026-09-29,ENT-07,North Las Vegas,Logistics,526.59,110.65,59,283,Completed,105
F-003578,2026-09-29,ENT-08,Spring Valley,Express,385.98,83.71,43,201,Completed,90
F-003579,2026-09-29,ENT-09,Airport Corridor,Fleet,679.66,165.63,70,347,Completed,160
F-003580,2026-09-29,ENT-10,Boulder Highway,Logistics,423.22,127.26,45,219,Completed,100
F-003581,2026-09-30,ENT-01,Zone North 89011,Logistics,597.67,134.54,66,324,Completed,120
F-003582,2026-09-30,ENT-02,Zone West Central,Express,387.87,94.33,37,215,Completed,95
F-003583,2026-09-30,ENT-03,Downtown Corridor,Fleet,598.75,190.08,67,308,Completed,140
F-003584,2026-09-30,ENT-04,Henderson South,Logistics,541.9,122.74,53,269,Completed,110
F-003585,2026-09-30,ENT-05,Summerlin,Express,649.65,127.63,67,326,Completed,125
F-003586,2026-09-30,ENT-06,Strip Core,Fleet,803.72,214.09,84,400,Completed,190
F-003587,2026-09-30,ENT-07,North Las Vegas,Logistics,476.95,115.62,49,247,Completed,105
F-003588,2026-09-30,ENT-08,Spring Valley,Express,421.91,90.28,49,249,Completed,90
F-003589,2026-09-30,ENT-09,Airport Corridor,Fleet,715.58,171.15,69,325,Completed,160
F-003590,2026-09-30,ENT-10,Boulder Highway,Logistics,379.48,131.0,43,192,Delayed,100
F-003591,2026-10-01,ENT-01,Zone North 89011,Logistics,0.0,40.44,0,30,Cancelled,120
F-003592,2026-10-01,ENT-02,Zone West Central,Express,498.29,91.18,48,247,Completed,95
F-003593,2026-10-01,ENT-03,Downtown Corridor,Fleet,570.71,206.65,61,315,Delayed,140
F-003594,2026-10-01,ENT-04,Henderson South,Logistics,526.11,105.75,61,336,Completed,110
F-003595,2026-10-01,ENT-05,Summerlin,Express,678.0,126.24,73,332,Completed,125
F-003596,2026-10-01,ENT-06,Strip Core,Fleet,779.37,209.89,90,473,Completed,190
F-003597,2026-10-01,ENT-07,North Las Vegas,Logistics,427.42,101.2,50,264,Completed,105
F-003598,2026-10-01,ENT-08,Spring Valley,Express,475.56,96.88,50,237,Completed,90
F-003599,2026-10-01,ENT-09,Airport Corridor,Fleet,677.79,181.19,67,344,Completed,160
F-003600,2026-10-01,ENT-10,Boulder Highway,Logistics,454.9,122.89,46,237,Completed,100
F-003601,2026-10-02,ENT-01,Zone North 89011,Logistics,605.97,115.84,58,275,Completed,120
F-003602,2026-10-02,ENT-02,Zone West Central,Express,454.71,94.58,46,215,Completed,95
F-003603,2026-10-02,ENT-03,Downtown Corridor,Fleet,633.97,185.18,63,324,Completed,140
F-003604,2026-10-02,ENT-04,Henderson South,Logistics,454.92,115.36,53,247,Completed,110
F-003605,2026-10-02,ENT-05,Summerlin,Express,601.11,118.36,62,291,Completed,125
F-003606,2026-10-02,ENT-06,Strip Core,Fleet,924.64,201.7,91,463,Completed,190
F-003607,2026-10-02,ENT-07,North Las Vegas,Logistics,445.65,112.04,50,258,Completed,105
F-003608,2026-10-02,ENT-08,Spring Valley,Express,415.32,99.76,40,212,Completed,90
F-003609,2026-10-02,ENT-09,Airport Corridor,Fleet,677.28,163.68,74,365,Completed,160
F-003610,2026-10-02,ENT-10,Boulder Highway,Logistics,393.23,134.03,42,220,Completed,100
F-003611,2026-10-03,ENT-01,Zone North 89011,Logistics,715.7,126.05,81,385,Completed,120
F-003612,2026-10-03,ENT-02,Zone West Central,Express,540.22,103.41,52,242,Completed,95
F-003613,2026-10-03,ENT-03,Downtown Corridor,Fleet,530.06,193.76,56,298,Completed,140
F-003614,2026-10-03,ENT-04,Henderson South,Logistics,509.47,122.09,52,263,Completed,110
F-003615,2026-10-03,ENT-05,Summerlin,Express,737.43,142.99,81,415,Delayed,125
F-003616,2026-10-03,ENT-06,Strip Core,Fleet,1128.84,230.08,117,572,Completed,190
F-003617,2026-10-03,ENT-07,North Las Vegas,Logistics,448.5,120.56,47,249,Completed,105
F-003618,2026-10-03,ENT-08,Spring Valley,Express,497.65,89.77,51,245,Completed,90
F-003619,2026-10-03,ENT-09,Airport Corridor,Fleet,701.47,169.7,78,340,Completed,160
F-003620,2026-10-03,ENT-10,Boulder Highway,Logistics,353.17,126.86,35,173,Completed,100
F-003621,2026-10-04,ENT-01,Zone North 89011,Logistics,652.96,121.84,74,335,Completed,120
F-003622,2026-10-04,ENT-02,Zone West Central,Express,646.08,97.79,71,337,Completed,95
F-003623,2026-10-04,ENT-03,Downtown Corridor,Fleet,670.06,174.3,67,322,Completed,140
F-003624,2026-10-04,ENT-04,Henderson South,Logistics,564.99,124.3,66,304,Completed,110
F-003625,2026-10-04,ENT-05,Summerlin,Express,685.72,125.05,73,379,Completed,125
F-003626,2026-10-04,ENT-06,Strip Core,Fleet,1185.79,212.68,130,624,Completed,190
F-003627,2026-10-04,ENT-07,North Las Vegas,Logistics,528.28,102.0,53,259,Completed,105
F-003628,2026-10-04,ENT-08,Spring Valley,Express,494.83,99.33,52,295,Completed,90
F-003629,2026-10-04,ENT-09,Airport Corridor,Fleet,701.43,176.32,69,376,Completed,160
F-003630,2026-10-04,ENT-10,Boulder Highway,Logistics,364.32,104.95,42,223,Completed,100
F-003631,2026-10-05,ENT-01,Zone North 89011,Logistics,572.83,121.67,60,306,Completed,120
F-003632,2026-10-05,ENT-02,Zone West Central,Express,504.6,97.86,53,248,Completed,95
F-003633,2026-10-05,ENT-03,Downtown Corridor,Fleet,587.17,172.02,66,359,Completed,140
F-003634,2026-10-05,ENT-04,Henderson South,Logistics,543.05,110.36,57,284,Completed,110
F-003635,2026-10-05,ENT-05,Summerlin,Express,643.76,117.16,63,312,Completed,125
F-003636,2026-10-05,ENT-06,Strip Core,Fleet,847.97,224.59,99,492,Completed,190
F-003637,2026-10-05,ENT-07,North Las Vegas,Logistics,494.83,111.45,53,269,Completed,105
F-003638,2026-10-05,ENT-08,Spring Valley,Express,464.18,99.87,47,223,Completed,90
F-003639,2026-10-05,ENT-09,Airport Corridor,Fleet,727.7,178.43,72,392,Completed,160
F-003640,2026-10-05,ENT-10,Boulder Highway,Logistics,416.3,118.63,46,239,Completed,100
F-003641,2026-10-06,ENT-01,Zone North 89011,Logistics,564.87,125.15,65,330,Completed,120
F-003642,2026-10-06,ENT-02,Zone West Central,Express,412.13,96.43,48,237,Completed,95
F-003643,2026-10-06,ENT-03,Downtown Corridor,Fleet,666.09,189.35,67,329,Completed,140
F-003644,2026-10-06,ENT-04,Henderson South,Logistics,492.44,120.44,56,275,Delayed,110
F-003645,2026-10-06,ENT-05,Summerlin,Express,564.31,125.43,55,277,Completed,125
F-003646,2026-10-06,ENT-06,Strip Core,Fleet,811.07,200.21,89,452,Completed,190
F-003647,2026-10-06,ENT-07,North Las Vegas,Logistics,511.17,103.01,56,293,Completed,105
F-003648,2026-10-06,ENT-08,Spring Valley,Express,466.93,95.46,47,261,Completed,90
F-003649,2026-10-06,ENT-09,Airport Corridor,Fleet,639.82,171.33,72,328,Completed,160
F-003650,2026-10-06,ENT-10,Boulder Highway,Logistics,412.22,126.3,42,229,Completed,100
